timestamp,open,high,low,close,volume
2025-02-20 14:30:00,0.9419,0.9784,0.855,0.9088,75074825.0
2025-02-20 15:00:00,0.9088,0.9411,0.882,0.9248,44244935.0
2025-02-20 15:30:00,0.9243,0.9643,0.9016,0.9213,32450055.0
2025-02-20 16:00:00,0.9209,1.0258,0.8887,0.9797,48792934.0
2025-02-20 16:30:00,0.9795,0.9961,0.9455,0.9738,31486457.0
2025-02-20 17:00:00,0.9738,0.9999,0.9422,0.966,19646776.0
2025-02-20 17:30:00,0.966,1.2683,0.9636,1.2231,62209750.0
2025-02-20 18:00:00,1.2231,1.3199,1.1652,1.2404,61519746.0
2025-02-20 18:30:00,1.2403,1.3147,1.192,1.2393,35045446.0
2025-02-20 19:00:00,1.2393,1.3253,1.2205,1.2665,26350937.0
2025-02-20 19:30:00,1.2665,1.272,1.1943,1.2302,13305065.0
2025-02-20 20:00:00,1.2303,1.2582,1.1875,1.2071,9966551.0
2025-02-20 20:30:00,1.2064,1.272,1.1889,1.2507,9638004.0
2025-02-20 21:00:00,1.2507,2.0,1.2382,1.8848,53339324.0
2025-02-20 21:30:00,1.883,2.1323,1.6301,1.6869,34780856.0
2025-02-20 22:00:00,1.6869,1.9162,1.6769,1.8855,21986526.0
2025-02-20 22:30:00,1.885,1.8977,1.67,1.7353,12183449.0
2025-02-20 23:00:00,1.7353,1.838,1.707,1.7324,13192062.0
2025-02-20 23:30:00,1.7316,1.7952,1.58,1.6381,12894797.0
2025-02-21 00:00:00,1.639,1.6432,1.3879,1.3977,28755739.0
2025-02-21 00:30:00,1.3963,1.4815,1.3155,1.3455,21874565.0
2025-02-21 01:00:00,1.3463,1.4725,1.31,1.4118,19684505.0
2025-02-21 01:30:00,1.4128,1.5218,1.3941,1.4319,15942385.0
2025-02-21 02:00:00,1.4318,1.474,1.402,1.4238,10396366.0
2025-02-21 02:30:00,1.4239,1.4257,1.2609,1.3174,21923287.0
2025-02-21 03:00:00,1.3173,1.3789,1.2789,1.3668,15036050.0
2025-02-21 03:30:00,1.3669,1.3821,1.3219,1.3483,9431564.0
2025-02-21 04:00:00,1.3481,1.448,1.3328,1.3937,14793733.0
2025-02-21 04:30:00,1.3938,1.4142,1.37,1.4058,8114749.0
2025-02-21 05:00:00,1.406,1.4185,1.3716,1.3874,8390293.0
2025-02-21 05:30:00,1.3873,1.61,1.3859,1.593,24079416.0
2025-02-21 06:00:00,1.5928,1.72,1.525,1.572,29028794.0
2025-02-21 06:30:00,1.5714,1.7298,1.53,1.5984,25618032.0
2025-02-21 07:00:00,1.5991,1.647,1.5556,1.5711,14323006.0
2025-02-21 07:30:00,1.5721,1.6179,1.5067,1.5754,16906410.0
2025-02-21 08:00:00,1.5754,1.5988,1.5201,1.5677,12888285.0
2025-02-21 08:30:00,1.5684,1.6367,1.5516,1.6254,15623497.0
2025-02-21 09:00:00,1.6246,1.7845,1.5933,1.713,33641740.0
2025-02-21 09:30:00,1.714,1.8,1.6572,1.732,24856979.0
2025-02-21 10:00:00,1.7318,1.7952,1.7053,1.7481,15740172.0
2025-02-21 10:30:00,1.7481,1.976,1.7232,1.8959,41705687.0
2025-02-21 11:00:00,1.8954,1.9888,1.8035,1.8092,34866139.0
2025-02-21 11:30:00,1.8092,1.8597,1.7553,1.8262,24907594.0
2025-02-21 12:00:00,1.8245,1.8666,1.6831,1.7285,26751674.0
2025-02-21 12:30:00,1.7287,1.8335,1.723,1.7731,21236780.0
2025-02-21 13:00:00,1.7731,1.7903,1.7144,1.7722,15192956.0
2025-02-21 13:30:00,1.7719,1.8393,1.75,1.8091,15785854.0
2025-02-21 14:00:00,1.8094,1.9229,1.809,1.8874,30474244.0
2025-02-21 14:30:00,1.8872,1.8926,1.7701,1.8446,25469051.0
2025-02-21 15:00:00,1.8441,2.13,1.8382,1.9357,55987271.0
2025-02-21 15:30:00,1.9354,1.9397,1.6666,1.8072,65013758.0
2025-02-21 16:00:00,1.8073,1.9768,1.7818,1.8878,48640250.0
2025-02-21 16:30:00,1.8887,1.9498,1.8368,1.8856,23104654.0
2025-02-21 17:00:00,1.8867,1.8958,1.7248,1.8108,24710977.0
2025-02-21 17:30:00,1.8108,1.829,1.6812,1.7381,19209170.0
2025-02-21 18:00:00,1.7393,1.8229,1.6715,1.764,15832213.0
2025-02-21 18:30:00,1.764,1.793,1.7217,1.7318,9233183.0
2025-02-21 19:00:00,1.7333,1.7717,1.632,1.671,14651724.0
2025-02-21 19:30:00,1.6703,1.6955,1.612,1.6608,11765453.0
2025-02-21 20:00:00,1.6606,1.7138,1.6156,1.65,8265607.0
2025-02-21 20:30:00,1.6495,1.7473,1.6407,1.6899,8778070.0
2025-02-21 21:00:00,1.69,1.7237,1.6222,1.633,6531296.0
2025-02-21 21:30:00,1.6323,1.6653,1.5883,1.6501,7849644.0
2025-02-21 22:00:00,1.6501,1.6696,1.5663,1.5986,6978027.0
2025-02-21 22:30:00,1.599,1.6132,1.5412,1.5673,5204273.0
2025-02-21 23:00:00,1.5678,1.5867,1.4584,1.4638,10175644.0
2025-02-21 23:30:00,1.4639,1.52,1.4141,1.4298,12117919.0
2025-02-22 00:00:00,1.4297,1.5559,1.3562,1.5227,20349741.0
2025-02-22 00:30:00,1.5224,1.6948,1.5011,1.6675,24466758.0
2025-02-22 01:00:00,1.6678,1.7732,1.6244,1.7336,19161630.0
2025-02-22 01:30:00,1.7336,1.8142,1.6905,1.7435,18363996.0
2025-02-22 02:00:00,1.7437,1.7655,1.6609,1.6825,14348424.0
2025-02-22 02:30:00,1.6821,1.7312,1.6694,1.7029,7508340.0
2025-02-22 03:00:00,1.7034,1.7688,1.63,1.7256,13700202.0
2025-02-22 03:30:00,1.7257,1.7466,1.6702,1.7053,8981251.0
2025-02-22 04:00:00,1.7041,1.7248,1.6586,1.7122,9077626.0
2025-02-22 04:30:00,1.7123,1.7276,1.6736,1.6847,8275267.0
2025-02-22 05:00:00,1.6847,1.7257,1.6839,1.708,7136061.0
2025-02-22 05:30:00,1.708,1.7673,1.7045,1.7503,9189052.0
2025-02-22 06:00:00,1.7501,1.7882,1.695,1.7042,11578834.0
2025-02-22 06:30:00,1.7036,1.7118,1.6604,1.6866,8889290.0
2025-02-22 07:00:00,1.6867,1.6995,1.646,1.6933,8508342.0
2025-02-22 07:30:00,1.6939,1.7288,1.6666,1.7118,7097468.0
2025-02-22 08:00:00,1.7114,1.7484,1.6925,1.7231,8267404.0
2025-02-22 08:30:00,1.723,1.7239,1.6609,1.6898,7836676.0
2025-02-22 09:00:00,1.6896,1.7066,1.672,1.6882,6115759.0
2025-02-22 09:30:00,1.6882,1.6953,1.6035,1.6235,12845612.0
2025-02-22 10:00:00,1.6234,1.6452,1.5745,1.62,11270516.0
2025-02-22 10:30:00,1.62,1.622,1.5659,1.5845,7507499.0
2025-02-22 11:00:00,1.5845,1.5992,1.5228,1.565,9705567.0
2025-02-22 11:30:00,1.5645,1.633,1.56,1.6122,10567608.0
2025-02-22 12:00:00,1.6121,1.6397,1.5801,1.6284,6945551.0
2025-02-22 12:30:00,1.6282,1.69,1.6249,1.6617,11323568.0
2025-02-22 13:00:00,1.6618,1.6798,1.608,1.617,8662076.0
2025-02-22 13:30:00,1.6171,1.6288,1.5844,1.6155,6923671.0
2025-02-22 14:00:00,1.6156,1.6637,1.6083,1.6432,6235567.0
2025-02-22 14:30:00,1.6438,1.645,1.5941,1.608,5214756.0
2025-02-22 15:00:00,1.6082,1.6238,1.575,1.5918,6386322.0
2025-02-22 15:30:00,1.5919,1.5933,1.561,1.5833,6584942.0
2025-02-22 16:00:00,1.583,1.6078,1.5432,1.5924,10769398.0
2025-02-22 16:30:00,1.5925,1.6638,1.5708,1.6025,10664357.0
2025-02-22 17:00:00,1.6026,1.6274,1.5536,1.6259,8010416.0
2025-02-22 17:30:00,1.6262,1.6995,1.6051,1.6307,13526201.0
2025-02-22 18:00:00,1.6307,1.6798,1.6214,1.6478,5939126.0
2025-02-22 18:30:00,1.6479,1.6624,1.6122,1.638,4390265.0
2025-02-22 19:00:00,1.6381,1.6799,1.6348,1.664,6944431.0
2025-02-22 19:30:00,1.6641,1.7111,1.6475,1.6549,8604954.0
2025-02-22 20:00:00,1.6547,1.6547,1.6024,1.6347,4869017.0
2025-02-22 20:30:00,1.6341,1.6367,1.5932,1.6092,3575650.0
2025-02-22 21:00:00,1.6092,1.6121,1.5758,1.6014,3755895.0
2025-02-22 21:30:00,1.6015,1.623,1.6011,1.613,2207503.0
2025-02-22 22:00:00,1.613,1.6249,1.506,1.5477,5247876.0
2025-02-22 22:30:00,1.5481,1.563,1.5214,1.5385,2528253.0
2025-02-22 23:00:00,1.5384,1.58,1.5131,1.5771,4214110.0
2025-02-22 23:30:00,1.577,1.5783,1.532,1.5404,5311908.0
2025-02-23 00:00:00,1.5405,1.5745,1.526,1.5691,5654962.0
2025-02-23 00:30:00,1.5691,1.5878,1.559,1.5749,4129329.0
2025-02-23 01:00:00,1.5752,1.581,1.5362,1.5453,2894181.0
2025-02-23 01:30:00,1.5454,1.5466,1.4805,1.5064,6704292.0
2025-02-23 02:00:00,1.5067,1.5387,1.5051,1.5357,3197296.0
2025-02-23 02:30:00,1.5356,1.5381,1.5046,1.5097,3494049.0
2025-02-23 03:00:00,1.5102,1.5433,1.51,1.5237,3817258.0
2025-02-23 03:30:00,1.524,1.53,1.4584,1.5043,6723117.0
2025-02-23 04:00:00,1.5043,1.5265,1.4808,1.5162,4599028.0
2025-02-23 04:30:00,1.5161,1.5243,1.5014,1.5091,2803132.0
2025-02-23 05:00:00,1.509,1.5228,1.5061,1.5097,3001797.0
2025-02-23 05:30:00,1.51,1.5275,1.4964,1.5127,3608778.0
2025-02-23 06:00:00,1.5123,1.5468,1.4987,1.5387,4587859.0
2025-02-23 06:30:00,1.5387,1.5508,1.527,1.5333,3014398.0
2025-02-23 07:00:00,1.5337,1.5624,1.5224,1.5356,5224037.0
2025-02-23 07:30:00,1.5362,1.5789,1.5359,1.5462,5592297.0
2025-02-23 08:00:00,1.5456,1.5489,1.5251,1.5343,3822608.0
2025-02-23 08:30:00,1.534,1.556,1.5309,1.5463,3233471.0
2025-02-23 09:00:00,1.5463,1.573,1.5327,1.5613,5341123.0
2025-02-23 09:30:00,1.5617,1.5625,1.5375,1.5408,3702081.0
2025-02-23 10:00:00,1.5406,1.5526,1.505,1.5232,5311209.0
2025-02-23 10:30:00,1.5228,1.5439,1.5204,1.5307,2769136.0
2025-02-23 11:00:00,1.5307,1.5364,1.5118,1.5224,2901041.0
2025-02-23 11:30:00,1.5224,1.5579,1.5224,1.5348,3528015.0
2025-02-23 12:00:00,1.5349,1.5359,1.5013,1.516,6108474.0
2025-02-23 12:30:00,1.5155,1.5222,1.4832,1.5,4415428.0
2025-02-23 13:00:00,1.5003,1.5223,1.4939,1.5142,3392716.0
2025-02-23 13:30:00,1.5139,1.5313,1.5078,1.5219,3012091.0
2025-02-23 14:00:00,1.5222,1.5299,1.5089,1.5245,2846988.0
2025-02-23 14:30:00,1.5241,1.5416,1.5102,1.5218,4427517.0
2025-02-23 15:00:00,1.5217,1.5555,1.5016,1.5091,6003021.0
2025-02-23 15:30:00,1.5092,1.5112,1.4573,1.4734,7532823.0
2025-02-23 16:00:00,1.4734,1.488,1.424,1.446,12382548.0
2025-02-23 16:30:00,1.4456,1.4685,1.4361,1.4553,4996537.0
2025-02-23 17:00:00,1.4551,1.4713,1.4369,1.4662,3462580.0
2025-02-23 17:30:00,1.4663,1.4866,1.4565,1.4848,3467601.0
2025-02-23 18:00:00,1.4845,1.6136,1.478,1.5701,17246705.0
2025-02-23 18:30:00,1.5701,1.5821,1.5327,1.5371,7992152.0
2025-02-23 19:00:00,1.5373,1.5587,1.5248,1.5334,5366942.0
2025-02-23 19:30:00,1.5335,1.552,1.5269,1.5506,3991941.0
2025-02-23 20:00:00,1.55,1.5535,1.5215,1.5342,5266333.0
2025-02-23 20:30:00,1.5342,1.5489,1.5157,1.5294,4106378.0
2025-02-23 21:00:00,1.5295,1.5476,1.504,1.5115,4722914.0
2025-02-23 21:30:00,1.5116,1.5123,1.4858,1.496,2668813.0
2025-02-23 22:00:00,1.4958,1.505,1.4716,1.4756,2786229.0
2025-02-23 22:30:00,1.4757,1.5112,1.4749,1.5081,3467126.0
2025-02-23 23:00:00,1.5082,1.5837,1.5082,1.5695,11966980.0
2025-02-23 23:30:00,1.5695,1.6255,1.5614,1.5689,11936615.0
2025-02-24 00:00:00,1.5696,1.5899,1.54,1.5697,7306622.0
2025-02-24 00:30:00,1.5696,1.5725,1.5382,1.5443,3244636.0
2025-02-24 01:00:00,1.5441,1.559,1.5306,1.5387,3402207.0
2025-02-24 01:30:00,1.5385,1.5485,1.5146,1.5319,4411680.0
2025-02-24 02:00:00,1.5318,1.5983,1.5273,1.582,6611917.0
2025-02-24 02:30:00,1.5819,1.6153,1.5817,1.5897,8725516.0
2025-02-24 03:00:00,1.5897,1.5903,1.5478,1.5679,7294804.0
2025-02-24 03:30:00,1.5677,1.7383,1.5624,1.6891,20603759.0
2025-02-24 04:00:00,1.6888,1.7499,1.6397,1.657,18057990.0
2025-02-24 04:30:00,1.6569,1.7066,1.6231,1.682,13200731.0
2025-02-24 05:00:00,1.682,1.718,1.6102,1.6216,12970427.0
2025-02-24 05:30:00,1.6217,1.665,1.6101,1.6504,8653753.0
2025-02-24 06:00:00,1.6506,1.6887,1.6406,1.6696,7375694.0
2025-02-24 06:30:00,1.6696,1.6786,1.6346,1.639,6980217.0
2025-02-24 07:00:00,1.639,1.66,1.6155,1.6489,8645919.0
2025-02-24 07:30:00,1.6489,1.678,1.6334,1.6651,7189276.0
2025-02-24 08:00:00,1.666,1.6959,1.6528,1.6636,11373903.0
2025-02-24 08:30:00,1.6638,1.69,1.645,1.6741,8972754.0
2025-02-24 09:00:00,1.6742,1.7422,1.6693,1.7111,16659834.0
2025-02-24 09:30:00,1.7112,1.749,1.6823,1.6886,13017737.0
2025-02-24 10:00:00,1.6887,1.6912,1.6501,1.6761,13378442.0
2025-02-24 10:30:00,1.6763,1.7688,1.6746,1.7419,18361531.0
2025-02-24 11:00:00,1.7418,1.78,1.7091,1.7574,17146493.0
2025-02-24 11:30:00,1.758,1.8613,1.7555,1.8359,26799946.0
2025-02-24 12:00:00,1.836,1.9887,1.7827,1.9577,44070945.0
2025-02-24 12:30:00,1.9565,1.9933,1.83,1.8433,33972615.0
2025-02-24 13:00:00,1.8431,1.8694,1.8058,1.8398,22593151.0
2025-02-24 13:30:00,1.8398,1.8551,1.7963,1.8392,13208563.0
2025-02-24 14:00:00,1.8392,1.8888,1.82,1.8626,15130998.0
2025-02-24 14:30:00,1.8625,1.91,1.8224,1.8342,21370254.0
2025-02-24 15:00:00,1.8346,1.8626,1.7429,1.767,28374414.0
2025-02-24 15:30:00,1.767,1.815,1.75,1.8133,18350777.0
2025-02-24 16:00:00,1.8129,1.8652,1.7776,1.842,20998654.0
2025-02-24 16:30:00,1.8416,1.8693,1.8251,1.8449,10781308.0
2025-02-24 17:00:00,1.8448,1.8943,1.8174,1.8606,11971713.0
2025-02-24 17:30:00,1.8608,1.8791,1.8284,1.8612,6705349.0
2025-02-24 18:00:00,1.8611,1.887,1.8309,1.8418,7604616.0
2025-02-24 18:30:00,1.8416,1.8659,1.7752,1.7915,10264302.0
2025-02-24 19:00:00,1.7914,1.8085,1.7496,1.7672,9787952.0
2025-02-24 19:30:00,1.767,1.7847,1.7065,1.7424,11763195.0
2025-02-24 20:00:00,1.7423,1.7748,1.7261,1.7621,5853878.0
2025-02-24 20:30:00,1.7622,1.7754,1.7251,1.7332,4807305.0
2025-02-24 21:00:00,1.7331,1.749,1.716,1.7478,4524890.0
2025-02-24 21:30:00,1.7476,1.766,1.6813,1.7139,5693186.0
2025-02-24 22:00:00,1.7139,1.7275,1.6535,1.6921,11365479.0
2025-02-24 22:30:00,1.6925,1.7187,1.6407,1.6712,5242467.0
2025-02-24 23:00:00,1.6721,1.7369,1.6707,1.7163,4656990.0
2025-02-24 23:30:00,1.7165,1.7449,1.6886,1.7178,4179345.0
2025-02-25 00:00:00,1.718,1.7676,1.675,1.7475,8034192.0
2025-02-25 00:30:00,1.7475,1.7852,1.7285,1.7371,7741729.0
2025-02-25 01:00:00,1.7364,1.7493,1.6851,1.6864,6906267.0
2025-02-25 01:30:00,1.6869,1.7269,1.6659,1.6723,7393833.0
2025-02-25 02:00:00,1.6725,1.675,1.6111,1.6379,9913635.0
2025-02-25 02:30:00,1.6379,1.6976,1.6201,1.6812,7911316.0
2025-02-25 03:00:00,1.6811,1.7379,1.6797,1.7179,7936260.0
2025-02-25 03:30:00,1.7179,1.735,1.7081,1.7175,5182417.0
2025-02-25 04:00:00,1.7177,1.7535,1.6934,1.7159,8677188.0
2025-02-25 04:30:00,1.7165,1.7235,1.6769,1.6867,6058856.0
2025-02-25 05:00:00,1.6867,1.7263,1.6814,1.7226,5485800.0
2025-02-25 05:30:00,1.7225,1.82,1.719,1.7925,9629121.0
2025-02-25 06:00:00,1.792,1.7979,1.733,1.7436,6784470.0
2025-02-25 06:30:00,1.7437,1.835,1.7429,1.7984,10058334.0
2025-02-25 07:00:00,1.7985,1.8479,1.77,1.7977,17199159.0
2025-02-25 07:30:00,1.7978,1.8411,1.7577,1.7783,14886095.0
2025-02-25 08:00:00,1.7783,1.8507,1.7542,1.8264,11041607.0
2025-02-25 08:30:00,1.8265,1.876,1.787,1.799,9378807.0
2025-02-25 09:00:00,1.7992,1.834,1.7814,1.8114,7246825.0
2025-02-25 09:30:00,1.8115,1.8214,1.78,1.793,5914164.0
2025-02-25 10:00:00,1.7929,1.8345,1.7073,1.7413,15702226.0
2025-02-25 10:30:00,1.7413,1.7849,1.734,1.7403,7105395.0
2025-02-25 11:00:00,1.7403,1.7483,1.7021,1.715,5180704.0
2025-02-25 11:30:00,1.7151,1.7561,1.7141,1.748,4758567.0
2025-02-25 12:00:00,1.748,1.7528,1.6525,1.6849,9051999.0
2025-02-25 12:30:00,1.6851,1.7079,1.6707,1.7031,4508666.0
2025-02-25 13:00:00,1.703,1.7041,1.6474,1.6553,5323940.0
2025-02-25 13:30:00,1.6553,1.6944,1.6427,1.6751,4083348.0
2025-02-25 14:00:00,1.6751,1.6778,1.65,1.6663,4376208.0
2025-02-25 14:30:00,1.6666,1.674,1.6272,1.6366,6694461.0
2025-02-25 15:00:00,1.6367,1.6534,1.6019,1.6104,7271051.0
2025-02-25 15:30:00,1.6107,1.6896,1.608,1.6575,7599665.0
2025-02-25 16:00:00,1.6573,1.6849,1.6284,1.6433,6402733.0
2025-02-25 16:30:00,1.6432,1.6868,1.624,1.6768,6079184.0
2025-02-25 17:00:00,1.6766,1.6959,1.6563,1.6829,3972230.0
2025-02-25 17:30:00,1.6829,1.6886,1.6442,1.6858,4012426.0
2025-02-25 18:00:00,1.6858,1.7032,1.6472,1.6545,4595387.0
2025-02-25 18:30:00,1.6546,1.6699,1.6463,1.6547,2471075.0
2025-02-25 19:00:00,1.6545,1.6643,1.6422,1.6598,2379033.0
2025-02-25 19:30:00,1.6603,1.7029,1.6589,1.6932,2980112.0
2025-02-25 20:00:00,1.6932,1.7509,1.6733,1.729,5081955.0
2025-02-25 20:30:00,1.7286,1.7407,1.7138,1.7228,2485266.0
2025-02-25 21:00:00,1.7228,1.7292,1.7063,1.72,1524165.0
2025-02-25 21:30:00,1.72,1.748,1.7078,1.7431,1914697.0
2025-02-25 22:00:00,1.7432,1.7764,1.7397,1.7401,3077974.0
2025-02-25 22:30:00,1.74,1.752,1.7264,1.7468,1971583.0
2025-02-25 23:00:00,1.7469,1.8117,1.7387,1.7597,5812966.0
2025-02-25 23:30:00,1.76,1.7685,1.7286,1.7326,3336685.0
2025-02-26 00:00:00,1.7322,1.7778,1.721,1.7317,4286649.0
2025-02-26 00:30:00,1.7316,1.7422,1.718,1.721,3071478.0
2025-02-26 01:00:00,1.7209,1.7236,1.6955,1.7126,3454204.0
2025-02-26 01:30:00,1.7125,1.73,1.7029,1.7275,2345216.0
2025-02-26 02:00:00,1.7273,1.7367,1.696,1.7047,2634657.0
2025-02-26 02:30:00,1.7047,1.7163,1.6905,1.7143,2195476.0
2025-02-26 03:00:00,1.7142,1.7448,1.7058,1.736,3252242.0
2025-02-26 03:30:00,1.736,1.7528,1.7311,1.7474,3151396.0
2025-02-26 04:00:00,1.7473,1.7905,1.7388,1.7761,5595744.0
2025-02-26 04:30:00,1.7765,1.8199,1.7651,1.7932,6234542.0
2025-02-26 05:00:00,1.7933,1.8349,1.7782,1.791,7461958.0
2025-02-26 05:30:00,1.7912,1.817,1.76,1.7659,6207124.0
2025-02-26 06:00:00,1.7661,1.795,1.7621,1.7704,4064201.0
2025-02-26 06:30:00,1.7703,1.8165,1.7654,1.8073,4906457.0
2025-02-26 07:00:00,1.8075,1.9011,1.8069,1.8592,11058661.0
2025-02-26 07:30:00,1.8589,1.8649,1.8025,1.8095,7352110.0
2025-02-26 08:00:00,1.8095,1.8794,1.7936,1.8689,7937458.0
2025-02-26 08:30:00,1.869,1.956,1.8671,1.921,16808787.0
2025-02-26 09:00:00,1.921,2.0877,1.905,2.0279,22521971.0
2025-02-26 09:30:00,2.0289,2.1535,2.0013,2.0478,27720024.0
2025-02-26 10:00:00,2.049,2.0949,2.0136,2.0387,12460326.0
2025-02-26 10:30:00,2.0388,2.1155,2.0189,2.0962,10354620.0
2025-02-26 11:00:00,2.0961,2.1768,2.054,2.0616,22112933.0
2025-02-26 11:30:00,2.0621,2.0827,1.962,1.9874,19594392.0
2025-02-26 12:00:00,1.9875,2.0729,1.9863,2.0484,13089477.0
2025-02-26 12:30:00,2.0484,2.0825,2.0235,2.0582,10286771.0
2025-02-26 13:00:00,2.0582,2.0742,2.0258,2.0663,7519361.0
2025-02-26 13:30:00,2.0662,2.1119,2.04,2.0441,11126904.0
2025-02-26 14:00:00,2.044,2.051,1.984,2.0327,13547279.0
2025-02-26 14:30:00,2.0325,2.15,2.0191,2.142,15800458.0
2025-02-26 15:00:00,2.1419,2.48,2.1382,2.3769,45828102.0
2025-02-26 15:30:00,2.3755,2.4389,2.2964,2.3374,27925737.0
2025-02-26 16:00:00,2.3352,2.5025,2.2972,2.4183,29899711.0
2025-02-26 16:30:00,2.4184,2.466,2.3444,2.3867,14915447.0
2025-02-26 17:00:00,2.3867,2.4206,2.3282,2.3479,8920962.0
2025-02-26 17:30:00,2.3479,2.3624,2.2353,2.2926,15125685.0
2025-02-26 18:00:00,2.2931,2.3432,2.2741,2.3299,8049896.0
2025-02-26 18:30:00,2.3302,2.3821,2.275,2.3052,11307409.0
2025-02-26 19:00:00,2.305,2.3748,2.283,2.3521,8034108.0
2025-02-26 19:30:00,2.3522,2.4026,2.3487,2.36,5726842.0
2025-02-26 20:00:00,2.3599,2.413,2.3136,2.3852,8739814.0
2025-02-26 20:30:00,2.385,2.5731,2.3823,2.5112,14310092.0
2025-02-26 21:00:00,2.5103,2.5593,2.408,2.4284,10313431.0
2025-02-26 21:30:00,2.4287,2.438,2.2307,2.3077,12969861.0
2025-02-26 22:00:00,2.3075,2.3823,2.3023,2.3318,7275938.0
2025-02-26 22:30:00,2.3322,2.4316,2.2967,2.3962,5276455.0
2025-02-26 23:00:00,2.3961,2.4328,2.3674,2.4064,5342678.0
2025-02-26 23:30:00,2.4066,2.4546,2.385,2.4503,4036132.0
2025-02-27 00:00:00,2.4504,2.5927,2.4285,2.4972,14063331.0
2025-02-27 00:30:00,2.4966,2.4999,2.4275,2.4714,5487324.0
2025-02-27 01:00:00,2.4713,2.4814,2.3808,2.4168,6653052.0
2025-02-27 01:30:00,2.4169,2.4263,2.3376,2.3521,6312392.0
2025-02-27 02:00:00,2.3521,2.4188,2.3051,2.3983,6680167.0
2025-02-27 02:30:00,2.3984,2.4568,2.3908,2.43,5664059.0
2025-02-27 03:00:00,2.4295,2.4534,2.4008,2.4347,4312124.0
2025-02-27 03:30:00,2.4345,2.5043,2.4233,2.4861,5958516.0
2025-02-27 04:00:00,2.4858,2.488,2.4362,2.4621,4722029.0
2025-02-27 04:30:00,2.4619,2.5033,2.4201,2.4297,6265643.0
2025-02-27 05:00:00,2.4298,2.4549,2.3773,2.3868,6004487.0
2025-02-27 05:30:00,2.3868,2.4366,2.385,2.4238,3952067.0
2025-02-27 06:00:00,2.4239,2.5586,2.42,2.5419,8185985.0
2025-02-27 06:30:00,2.5429,2.5567,2.474,2.4832,8034617.0
2025-02-27 07:00:00,2.4832,2.588,2.4589,2.5089,11248014.0
2025-02-27 07:30:00,2.5088,2.704,2.4966,2.6753,17478352.0
2025-02-27 08:00:00,2.6759,2.79,2.6673,2.7051,23775870.0
2025-02-27 08:30:00,2.7051,2.8057,2.677,2.7237,20962566.0
2025-02-27 09:00:00,2.7232,2.7699,2.6781,2.7428,18667256.0
2025-02-27 09:30:00,2.7424,2.8384,2.7215,2.7376,17644259.0
2025-02-27 10:00:00,2.7377,2.7541,2.6931,2.7311,9731678.0
2025-02-27 10:30:00,2.7313,2.7644,2.6958,2.7341,8565697.0
2025-02-27 11:00:00,2.7342,2.7844,2.7203,2.7271,7626410.0
2025-02-27 11:30:00,2.7274,2.7575,2.7031,2.7529,8216219.0
2025-02-27 12:00:00,2.7529,2.7562,2.5569,2.5905,20158461.0
2025-02-27 12:30:00,2.5907,2.6062,2.4537,2.5151,17677424.0
2025-02-27 13:00:00,2.5151,2.5388,2.4088,2.4149,11746790.0
2025-02-27 13:30:00,2.4149,2.4699,2.37,2.4159,15126639.0
2025-02-27 14:00:00,2.4158,2.4546,2.3837,2.4312,8874562.0
2025-02-27 14:30:00,2.4311,2.4529,2.3221,2.3633,12098900.0
2025-02-27 15:00:00,2.363,2.3731,2.2413,2.2825,14055687.0
2025-02-27 15:30:00,2.2826,2.2911,2.2111,2.256,14098879.0
2025-02-27 16:00:00,2.2561,2.3249,2.2368,2.2736,14174570.0
2025-02-27 16:30:00,2.2735,2.275,2.1373,2.1951,14260220.0
2025-02-27 17:00:00,2.1944,2.22,2.1314,2.1742,8404530.0
2025-02-27 17:30:00,2.1742,2.1971,2.1406,2.1891,5709525.0
2025-02-27 18:00:00,2.1891,2.237,2.1619,2.1654,5986036.0
2025-02-27 18:30:00,2.1656,2.168,2.0889,2.1269,7181977.0
2025-02-27 19:00:00,2.1271,2.1758,2.1236,2.1628,5193758.0
2025-02-27 19:30:00,2.1628,2.1866,2.1356,2.1538,4235216.0
2025-02-27 20:00:00,2.1539,2.1758,2.102,2.1478,4979984.0
2025-02-27 20:30:00,2.1479,2.215,2.1393,2.1958,5007928.0
2025-02-27 21:00:00,2.1954,2.2299,2.161,2.1707,4458993.0
2025-02-27 21:30:00,2.1711,2.1837,2.1393,2.1716,3141385.0
2025-02-27 22:00:00,2.1717,2.1835,2.1426,2.166,2128198.0
2025-02-27 22:30:00,2.1654,2.2038,2.1462,2.1852,2582877.0
2025-02-27 23:00:00,2.1855,2.2381,2.1535,2.1595,5950532.0
2025-02-27 23:30:00,2.1595,2.1737,2.1234,2.1459,3969002.0
2025-02-28 00:00:00,2.1457,2.157,2.0123,2.0349,9945790.0
2025-02-28 00:30:00,2.0348,2.0587,2.0188,2.0397,5283647.0
2025-02-28 01:00:00,2.0397,2.1438,2.0206,2.1142,11366608.0
2025-02-28 01:30:00,2.1142,2.1407,2.086,2.1064,8795547.0
2025-02-28 02:00:00,2.1065,2.1688,2.0965,2.1057,6204838.0
2025-02-28 02:30:00,2.1057,2.1672,2.0754,2.1476,8523969.0
2025-02-28 03:00:00,2.147,2.1979,2.1232,2.1283,6376665.0
2025-02-28 03:30:00,2.1283,2.135,1.9461,1.9818,11087935.0
2025-02-28 04:00:00,1.9818,2.0443,1.9575,2.0007,8574508.0
2025-02-28 04:30:00,2.0008,2.0608,1.9614,2.0377,6460410.0
2025-02-28 05:00:00,2.0376,2.0391,1.992,2.0045,4518012.0
2025-02-28 05:30:00,2.0045,2.0475,1.985,2.0328,5160743.0
2025-02-28 06:00:00,2.0332,2.0381,1.9912,2.0265,3710454.0
2025-02-28 06:30:00,2.0265,2.0466,2.013,2.033,4135175.0
2025-02-28 07:00:00,2.0328,2.08,2.0147,2.0352,5447614.0
2025-02-28 07:30:00,2.035,2.0397,1.931,1.962,7528402.0
2025-02-28 08:00:00,1.9619,1.9926,1.9313,1.9595,6271436.0
2025-02-28 08:30:00,1.9594,1.9748,1.8827,1.9381,9159125.0
2025-02-28 09:00:00,1.9383,1.9662,1.9053,1.9539,6375041.0
2025-02-28 09:30:00,1.9538,1.9795,1.9411,1.9704,5158935.0
2025-02-28 10:00:00,1.97,1.9831,1.9454,1.9656,3674507.0
2025-02-28 10:30:00,1.9657,1.9698,1.931,1.9581,3727087.0
2025-02-28 11:00:00,1.9582,2.0487,1.9575,2.0379,7756819.0
2025-02-28 11:30:00,2.0381,2.1,2.0205,2.0719,7382424.0
2025-02-28 12:00:00,2.0718,2.141,2.0463,2.1336,9414611.0
2025-02-28 12:30:00,2.1334,2.1925,2.0853,2.1314,12952832.0
2025-02-28 13:00:00,2.1312,2.1598,2.1032,2.114,7005479.0
2025-02-28 13:30:00,2.114,2.1758,2.106,2.1409,7696491.0
2025-02-28 14:00:00,2.141,2.1598,2.0866,2.1106,7298808.0
2025-02-28 14:30:00,2.1107,2.1488,2.0776,2.1211,6732573.0
2025-02-28 15:00:00,2.1206,2.133,2.0866,2.1108,5007485.0
2025-02-28 15:30:00,2.1116,2.139,2.0928,2.1173,4332033.0
2025-02-28 16:00:00,2.1173,2.18,2.1083,2.1292,9884907.0
2025-02-28 16:30:00,2.1293,2.1332,2.0425,2.0644,9262742.0
2025-02-28 17:00:00,2.0649,2.0917,2.0467,2.0611,4003488.0
2025-02-28 17:30:00,2.0616,2.0708,2.0113,2.0522,5225397.0
2025-02-28 18:00:00,2.052,2.0734,2.0341,2.0452,2639591.0
2025-02-28 18:30:00,2.0448,2.1137,2.0411,2.0814,4073758.0
2025-02-28 19:00:00,2.0814,2.1263,2.0803,2.088,3153569.0
2025-02-28 19:30:00,2.0877,2.0901,2.016,2.037,4063334.0
2025-02-28 20:00:00,2.037,2.073,2.0316,2.0441,2662602.0
2025-02-28 20:30:00,2.0442,2.0686,2.0301,2.0522,2168416.0
2025-02-28 21:00:00,2.0522,2.0835,2.0347,2.0696,2313591.0
2025-02-28 21:30:00,2.0695,2.089,2.0205,2.0243,2314618.0
2025-02-28 22:00:00,2.0243,2.0437,1.9819,1.9905,3246955.0
2025-02-28 22:30:00,1.9903,1.9955,1.9558,1.9801,2943318.0
2025-02-28 23:00:00,1.9801,2.0005,1.9643,1.9947,2530894.0
2025-02-28 23:30:00,1.9947,2.0193,1.9838,1.9882,2520473.0
2025-03-01 00:00:00,1.9881,2.0619,1.9736,2.0541,4232610.0
2025-03-01 00:30:00,2.0541,2.0576,2.0211,2.0419,3910578.0
2025-03-01 01:00:00,2.0421,2.0628,2.0172,2.0267,3529908.0
2025-03-01 01:30:00,2.0267,2.087,2.0236,2.0661,3203569.0
2025-03-01 02:00:00,2.066,2.1372,2.055,2.1327,5267563.0
2025-03-01 02:30:00,2.1326,2.1377,2.0758,2.0867,4102274.0
2025-03-01 03:00:00,2.0868,2.1147,2.0618,2.0723,3396758.0
2025-03-01 03:30:00,2.0722,2.0849,2.0323,2.0571,3836828.0
2025-03-01 04:00:00,2.0568,2.1508,2.0542,2.1256,4633019.0
2025-03-01 04:30:00,2.1255,2.1267,2.0751,2.0782,4073973.0
2025-03-01 05:00:00,2.0781,2.0785,2.037,2.0557,4305731.0
2025-03-01 05:30:00,2.0556,2.078,2.0459,2.0589,2787648.0
2025-03-01 06:00:00,2.0586,2.1785,2.0482,2.1482,8216628.0
2025-03-01 06:30:00,2.1483,2.1784,2.123,2.1569,6262547.0
2025-03-01 07:00:00,2.1566,2.3105,2.1462,2.289,15690798.0
2025-03-01 07:30:00,2.2894,2.2944,2.2012,2.2264,10959280.0
2025-03-01 08:00:00,2.2262,2.3441,2.2163,2.2951,12866276.0
2025-03-01 08:30:00,2.2954,2.3113,2.2463,2.2564,8983635.0
2025-03-01 09:00:00,2.2566,2.2913,2.2148,2.2385,9429129.0
2025-03-01 09:30:00,2.2389,2.2884,2.2313,2.2767,6623826.0
2025-03-01 10:00:00,2.2766,2.3642,2.2633,2.3404,11320602.0
2025-03-01 10:30:00,2.3404,2.38,2.3061,2.3283,11197139.0
2025-03-01 11:00:00,2.3283,2.3381,2.219,2.2252,14991156.0
2025-03-01 11:30:00,2.2251,2.2796,2.2229,2.2664,8751965.0
2025-03-01 12:00:00,2.2664,2.27,2.16,2.1776,12431945.0
2025-03-01 12:30:00,2.1775,2.2123,2.1507,2.1979,9397053.0
2025-03-01 13:00:00,2.1978,2.2145,2.1755,2.1939,6098287.0
2025-03-01 13:30:00,2.1945,2.2035,2.1167,2.1644,7903570.0
2025-03-01 14:00:00,2.1644,2.2059,2.15,2.1926,5913734.0
2025-03-01 14:30:00,2.1928,2.2039,2.1739,2.198,4362762.0
2025-03-01 15:00:00,2.1983,2.2524,2.177,2.2274,10133998.0
2025-03-01 15:30:00,2.2271,2.2391,2.196,2.2112,4731063.0
2025-03-01 16:00:00,2.2113,2.2386,2.1512,2.181,8675972.0
2025-03-01 16:30:00,2.1809,2.1867,2.1461,2.1689,4453329.0
2025-03-01 17:00:00,2.1691,2.1727,2.1039,2.1382,6376086.0
2025-03-01 17:30:00,2.1383,2.166,2.1308,2.16,2796401.0
2025-03-01 18:00:00,2.16,2.1751,2.1324,2.1671,3115751.0
2025-03-01 18:30:00,2.167,2.1835,2.1543,2.1693,1816885.0
2025-03-01 19:00:00,2.1694,2.191,2.1541,2.1737,2106953.0
2025-03-01 19:30:00,2.174,2.1936,2.1516,2.1858,2868476.0
2025-03-01 20:00:00,2.1858,2.2099,2.1684,2.1883,3652232.0
2025-03-01 20:30:00,2.1884,2.2146,2.1575,2.2108,2762641.0
2025-03-01 21:00:00,2.2117,2.2223,2.1838,2.187,2483584.0
2025-03-01 21:30:00,2.1874,2.2037,2.1583,2.1774,2798620.0
2025-03-01 22:00:00,2.1775,2.1913,2.1301,2.1402,3521208.0
2025-03-01 22:30:00,2.1406,2.1625,2.1331,2.1493,1583182.0
2025-03-01 23:00:00,2.1494,2.2077,2.1473,2.1926,3481905.0
2025-03-01 23:30:00,2.1925,2.2074,2.184,2.2035,2402921.0
2025-03-02 00:00:00,2.2035,2.2295,2.1856,2.1971,4083252.0
2025-03-02 00:30:00,2.1968,2.2281,2.1801,2.2107,3992892.0
2025-03-02 01:00:00,2.2107,2.2655,2.1983,2.2328,5446032.0
2025-03-02 01:30:00,2.2326,2.2719,2.2203,2.2552,5749679.0
2025-03-02 02:00:00,2.255,2.279,2.2347,2.2442,5665912.0
2025-03-02 02:30:00,2.2444,2.248,2.2058,2.2292,4591634.0
2025-03-02 03:00:00,2.2295,2.2772,2.2254,2.275,4667707.0
2025-03-02 03:30:00,2.275,2.309,2.265,2.2779,5454548.0
2025-03-02 04:00:00,2.2775,2.2794,2.2471,2.2699,3803937.0
2025-03-02 04:30:00,2.2699,2.3078,2.2665,2.2873,4022208.0
2025-03-02 05:00:00,2.2875,2.375,2.2857,2.3271,10756876.0
2025-03-02 05:30:00,2.3273,2.3685,2.3207,2.3373,5519342.0
2025-03-02 06:00:00,2.3372,2.3795,2.2755,2.3212,10465309.0
2025-03-02 06:30:00,2.3208,2.3482,2.302,2.317,5547987.0
2025-03-02 07:00:00,2.3169,2.3334,2.2868,2.3003,4854341.0
2025-03-02 07:30:00,2.3003,2.3587,2.2911,2.3544,5828735.0
2025-03-02 08:00:00,2.3544,2.3934,2.3355,2.3696,8689350.0
2025-03-02 08:30:00,2.3697,2.3726,2.2453,2.2619,11670343.0
2025-03-02 09:00:00,2.2621,2.29,2.2315,2.2752,8063029.0
2025-03-02 09:30:00,2.2749,2.286,2.2423,2.261,5962941.0
2025-03-02 10:00:00,2.2609,2.2642,2.2257,2.249,4518949.0
2025-03-02 10:30:00,2.2493,2.2815,2.2477,2.28,3938312.0
2025-03-02 11:00:00,2.2799,2.2918,2.2619,2.2815,3046216.0
2025-03-02 11:30:00,2.2814,2.3198,2.2806,2.3039,4625539.0
2025-03-02 12:00:00,2.3037,2.3196,2.2656,2.2796,4877459.0
2025-03-02 12:30:00,2.2792,2.3438,2.2667,2.3301,4588273.0
2025-03-02 13:00:00,2.3302,2.3628,2.312,2.3434,5637629.0
2025-03-02 13:30:00,2.3429,2.3728,2.31,2.3538,6422456.0
2025-03-02 14:00:00,2.3537,2.3666,2.313,2.326,6423337.0
2025-03-02 14:30:00,2.3261,2.3427,2.2758,2.3073,6921116.0
2025-03-02 15:00:00,2.3069,2.4388,2.283,2.307,11850571.0
2025-03-02 15:30:00,2.307,2.3628,2.188,2.2504,17576870.0
2025-03-02 16:00:00,2.2502,2.2521,2.1172,2.148,12318448.0
2025-03-02 16:30:00,2.1478,2.1899,2.1191,2.1662,9354947.0
2025-03-02 17:00:00,2.1664,2.233,2.1301,2.1914,7534318.0
2025-03-02 17:30:00,2.1914,2.2205,2.1645,2.1878,4148904.0
2025-03-02 18:00:00,2.1878,2.2084,2.1723,2.199,3301666.0
2025-03-02 18:30:00,2.1991,2.2018,2.1621,2.1887,2891083.0
2025-03-02 19:00:00,2.1887,2.213,2.1737,2.1798,2255712.0
2025-03-02 19:30:00,2.1798,2.2019,2.1751,2.1864,1553102.0
2025-03-02 20:00:00,2.1863,2.196,2.141,2.1498,2701765.0
2025-03-02 20:30:00,2.1498,2.1768,2.1263,2.1418,2217351.0
2025-03-02 21:00:00,2.1417,2.1627,2.0305,2.0873,5962282.0
2025-03-02 21:30:00,2.0875,2.1372,2.0855,2.1242,2421459.0
2025-03-02 22:00:00,2.1244,2.1337,2.0928,2.1164,2428331.0
2025-03-02 22:30:00,2.1163,2.1307,2.1061,2.1215,1440913.0
2025-03-02 23:00:00,2.1214,2.1449,2.1021,2.1267,2612568.0
2025-03-02 23:30:00,2.1266,2.1446,2.1123,2.12,1976660.0
2025-03-03 00:00:00,2.1199,2.174,2.0906,2.16,4523500.0
2025-03-03 00:30:00,2.1599,2.1729,2.1448,2.16,2524381.0
2025-03-03 01:00:00,2.1601,2.1913,2.1522,2.1854,3164212.0
2025-03-03 01:30:00,2.1852,2.1949,2.1617,2.17,2237872.0
2025-03-03 02:00:00,2.17,2.1926,2.1366,2.1441,2852385.0
2025-03-03 02:30:00,2.144,2.1659,2.1168,2.1207,3342550.0
2025-03-03 03:00:00,2.1207,2.1257,2.0566,2.0687,4486313.0
2025-03-03 03:30:00,2.0688,2.0876,2.0401,2.073,4029509.0
2025-03-03 04:00:00,2.0729,2.0953,2.0635,2.0652,2444410.0
2025-03-03 04:30:00,2.0652,2.0909,2.06,2.0879,1895866.0
2025-03-03 05:00:00,2.0878,2.1461,2.0846,2.1151,3370706.0
2025-03-03 05:30:00,2.115,2.1372,2.1134,2.1244,2304305.0
2025-03-03 06:00:00,2.1243,2.1412,2.1044,2.1196,2803945.0
2025-03-03 06:30:00,2.1194,2.1194,2.0669,2.0943,5758924.0
2025-03-03 07:00:00,2.0945,2.1375,2.0641,2.0882,5019846.0
2025-03-03 07:30:00,2.0878,2.0904,2.0111,2.0601,6534865.0
2025-03-03 08:00:00,2.06,2.1029,2.0572,2.0808,3410884.0
2025-03-03 08:30:00,2.081,2.1197,2.0742,2.0921,3250413.0
2025-03-03 09:00:00,2.0924,2.0988,2.0566,2.0982,3751770.0
2025-03-03 09:30:00,2.0983,2.117,2.0612,2.0617,4150152.0
2025-03-03 10:00:00,2.0616,2.0637,2.034,2.0455,3298136.0
2025-03-03 10:30:00,2.0455,2.0908,2.0453,2.0722,2315522.0
2025-03-03 11:00:00,2.0718,2.0718,1.9893,2.0394,6648590.0
2025-03-03 11:30:00,2.0395,2.09,2.0385,2.0878,4290443.0
2025-03-03 12:00:00,2.088,2.0974,2.0506,2.0573,2837766.0
2025-03-03 12:30:00,2.0572,2.0795,2.0314,2.0509,2908411.0
2025-03-03 13:00:00,2.0511,2.054,2.0366,2.0385,1720241.0
2025-03-03 13:30:00,2.0389,2.052,1.9966,2.0037,4329361.0
2025-03-03 14:00:00,2.0033,2.011,1.9523,1.9727,7216827.0
2025-03-03 14:30:00,1.9727,1.9858,1.9125,1.9466,7726043.0
2025-03-03 15:00:00,1.9462,1.9737,1.908,1.9246,6201870.0
2025-03-03 15:30:00,1.9246,1.9765,1.918,1.9502,4080406.0
2025-03-03 16:00:00,1.9498,1.9815,1.9462,1.9611,3809304.0
2025-03-03 16:30:00,1.9615,1.9732,1.9354,1.962,2445684.0
2025-03-03 17:00:00,1.9621,1.9942,1.9595,1.9787,2565278.0
2025-03-03 17:30:00,1.9787,1.982,1.953,1.9567,1507245.0
2025-03-03 18:00:00,1.957,1.9814,1.9406,1.9579,2582540.0
2025-03-03 18:30:00,1.958,2.0155,1.9551,2.007,5149631.0
2025-03-03 19:00:00,2.0078,2.021,1.9738,1.9913,4016442.0
2025-03-03 19:30:00,1.9913,2.0116,1.9625,1.9847,3506314.0
2025-03-03 20:00:00,1.9847,2.0044,1.9239,1.9328,3826136.0
2025-03-03 20:30:00,1.9328,1.97,1.9139,1.9471,3095824.0
2025-03-03 21:00:00,1.9472,1.9497,1.7989,1.807,9024310.0
2025-03-03 21:30:00,1.8073,1.8112,1.7547,1.766,5093059.0
2025-03-03 22:00:00,1.7659,1.7863,1.7439,1.7534,3669695.0
2025-03-03 22:30:00,1.7534,1.7592,1.7123,1.7242,3092907.0
2025-03-03 23:00:00,1.7242,1.7356,1.6684,1.6732,4778674.0
2025-03-03 23:30:00,1.6732,1.7126,1.6502,1.6601,4637634.0
2025-03-04 00:00:00,1.6601,1.6972,1.6485,1.6694,5364573.0
2025-03-04 00:30:00,1.6695,1.6724,1.6302,1.6351,3784673.0
2025-03-04 01:00:00,1.635,1.6619,1.6224,1.652,3433852.0
2025-03-04 01:30:00,1.652,1.6561,1.592,1.5997,7098896.0
2025-03-04 02:00:00,1.5997,1.6081,1.5347,1.5715,9395818.0
2025-03-04 02:30:00,1.5718,1.6159,1.5536,1.6009,4319143.0
2025-03-04 03:00:00,1.6008,1.608,1.5626,1.5785,2992886.0
2025-03-04 03:30:00,1.578,1.5941,1.5423,1.5593,3608199.0
2025-03-04 04:00:00,1.5592,1.5898,1.5487,1.5778,3114669.0
2025-03-04 04:30:00,1.5777,1.5966,1.5529,1.56,2717514.0
2025-03-04 05:00:00,1.5599,1.6395,1.5557,1.6021,6310740.0
2025-03-04 05:30:00,1.6021,1.6039,1.571,1.5794,2445525.0
2025-03-04 06:00:00,1.5793,1.5918,1.5481,1.5713,3186958.0
2025-03-04 06:30:00,1.5713,1.5814,1.5313,1.5624,3918670.0
2025-03-04 07:00:00,1.5622,1.5687,1.5385,1.5455,3191506.0
2025-03-04 07:30:00,1.5454,1.5502,1.5107,1.5239,4607118.0
2025-03-04 08:00:00,1.524,1.5938,1.524,1.5785,6089965.0
2025-03-04 08:30:00,1.5785,1.5899,1.5472,1.5586,3896900.0
2025-03-04 09:00:00,1.5586,1.5608,1.5137,1.5206,4874181.0
2025-03-04 09:30:00,1.5206,1.54,1.5063,1.5132,3637896.0
2025-03-04 10:00:00,1.5132,1.5565,1.5077,1.5368,3932866.0
2025-03-04 10:30:00,1.5363,1.5495,1.5191,1.543,2902039.0
2025-03-04 11:00:00,1.5427,1.5741,1.5395,1.5593,4116397.0
2025-03-04 11:30:00,1.5592,1.5698,1.5486,1.5543,2159762.0
2025-03-04 12:00:00,1.5543,1.5583,1.5391,1.543,2363739.0
2025-03-04 12:30:00,1.543,1.5796,1.5414,1.5631,3137159.0
2025-03-04 13:00:00,1.5629,1.5634,1.5023,1.5064,6977006.0
2025-03-04 13:30:00,1.5063,1.5087,1.451,1.454,8628962.0
2025-03-04 14:00:00,1.4542,1.51,1.4508,1.5024,5160908.0
2025-03-04 14:30:00,1.5028,1.595,1.4966,1.543,13858233.0
2025-03-04 15:00:00,1.5429,1.5794,1.5245,1.5415,7920724.0
2025-03-04 15:30:00,1.5415,1.5692,1.5361,1.5609,3584038.0
2025-03-04 16:00:00,1.5609,1.5678,1.4967,1.5041,5522581.0
2025-03-04 16:30:00,1.504,1.5461,1.4523,1.536,8977446.0
2025-03-04 17:00:00,1.536,1.545,1.5128,1.5305,4841700.0
2025-03-04 17:30:00,1.5304,1.5658,1.5227,1.5444,3453017.0
2025-03-04 18:00:00,1.5441,1.5576,1.5372,1.5484,1901609.0
2025-03-04 18:30:00,1.5487,1.5891,1.5464,1.5777,2021585.0
2025-03-04 19:00:00,1.5774,1.5838,1.5527,1.5575,2564580.0
2025-03-04 19:30:00,1.5578,1.579,1.5563,1.5652,1584198.0
2025-03-04 20:00:00,1.5651,1.5805,1.5629,1.5676,1364113.0
2025-03-04 20:30:00,1.5681,1.5703,1.5316,1.5372,2172707.0
2025-03-04 21:00:00,1.5372,1.6174,1.5341,1.6078,3572284.0
2025-03-04 21:30:00,1.6074,1.6102,1.5611,1.5634,1981065.0
2025-03-04 22:00:00,1.5631,1.5768,1.5479,1.5562,1302690.0
2025-03-04 22:30:00,1.5561,1.5623,1.532,1.5348,1072574.0
2025-03-04 23:00:00,1.5347,1.5617,1.5336,1.5488,2022107.0
2025-03-04 23:30:00,1.549,1.5544,1.5373,1.5462,1821563.0
2025-03-05 00:00:00,1.5463,1.5662,1.5241,1.5477,3033837.0
2025-03-05 00:30:00,1.5476,1.5497,1.5138,1.5267,2973165.0
2025-03-05 01:00:00,1.5266,1.5305,1.483,1.4915,3281051.0
2025-03-05 01:30:00,1.4916,1.5278,1.484,1.526,3445521.0
2025-03-05 02:00:00,1.5261,1.5285,1.4765,1.5005,3405982.0
2025-03-05 02:30:00,1.501,1.9997,1.475,1.7156,26562504.0
2025-03-05 03:00:00,1.7157,1.7887,1.6848,1.7579,16153424.0
2025-03-05 03:30:00,1.7583,1.83,1.7532,1.8253,14680364.0
2025-03-05 04:00:00,1.8255,1.8555,1.7662,1.7919,15112794.0
2025-03-05 04:30:00,1.7919,1.8173,1.75,1.7792,12304352.0
2025-03-05 05:00:00,1.779,1.8806,1.763,1.8523,14449184.0
2025-03-05 05:30:00,1.8523,1.9375,1.8516,1.8767,20877143.0
2025-03-05 06:00:00,1.8768,1.987,1.8666,1.8734,35107804.0
2025-03-05 06:30:00,1.8738,1.9073,1.825,1.8706,22997836.0
2025-03-05 07:00:00,1.8705,1.9372,1.8647,1.9182,13875107.0
2025-03-05 07:30:00,1.9183,1.9499,1.9001,1.9468,11715028.0
2025-03-05 08:00:00,1.947,1.9489,1.8676,1.8861,17774032.0
2025-03-05 08:30:00,1.8859,1.8911,1.7904,1.8058,16802566.0
2025-03-05 09:00:00,1.8057,1.86,1.8004,1.8473,13528577.0
2025-03-05 09:30:00,1.847,1.9111,1.8344,1.8931,12338403.0
2025-03-05 10:00:00,1.8921,1.8934,1.838,1.8643,9040007.0
2025-03-05 10:30:00,1.8644,1.8799,1.8267,1.8487,7818655.0
2025-03-05 11:00:00,1.8492,1.8599,1.7757,1.7861,9700695.0
2025-03-05 11:30:00,1.7861,1.8266,1.7806,1.8139,6886216.0
2025-03-05 12:00:00,1.8143,1.8179,1.7858,1.8053,6222975.0
2025-03-05 12:30:00,1.8052,1.841,1.7942,1.8192,5996566.0
2025-03-05 13:00:00,1.8188,1.8249,1.7917,1.8209,4936233.0
2025-03-05 13:30:00,1.8202,1.8665,1.82,1.8468,8352899.0
2025-03-05 14:00:00,1.8488,1.8789,1.8269,1.83,8790591.0
2025-03-05 14:30:00,1.83,1.8456,1.8073,1.817,7672463.0
2025-03-05 15:00:00,1.817,1.8469,1.7214,1.7309,13424990.0
2025-03-05 15:30:00,1.7308,1.7675,1.7225,1.7573,7387411.0
2025-03-05 16:00:00,1.7566,1.758,1.7262,1.7462,6399246.0
2025-03-05 16:30:00,1.7469,1.7917,1.7283,1.7731,5644298.0
2025-03-05 17:00:00,1.7728,1.8297,1.7716,1.7824,7194895.0
2025-03-05 17:30:00,1.7825,1.7928,1.7554,1.7695,3776481.0
2025-03-05 18:00:00,1.7693,1.7731,1.7435,1.7616,3533335.0
2025-03-05 18:30:00,1.7616,1.7742,1.7455,1.7681,2254225.0
2025-03-05 19:00:00,1.768,1.7895,1.7658,1.7691,2191915.0
2025-03-05 19:30:00,1.7691,1.7799,1.754,1.7768,1936511.0
2025-03-05 20:00:00,1.7766,1.7932,1.76,1.7634,2410605.0
2025-03-05 20:30:00,1.7633,1.777,1.7592,1.7724,1342619.0
2025-03-05 21:00:00,1.7725,1.8187,1.7705,1.8094,3249135.0
2025-03-05 21:30:00,1.8089,1.8111,1.7675,1.7868,2866360.0
2025-03-05 22:00:00,1.7862,1.7938,1.7659,1.7725,2125761.0
2025-03-05 22:30:00,1.7727,1.7799,1.7528,1.756,1535500.0
2025-03-05 23:00:00,1.7558,1.8198,1.7462,1.8102,5435459.0
2025-03-05 23:30:00,1.81,1.8367,1.7917,1.8003,5085115.0
2025-03-06 00:00:00,1.8,1.8061,1.741,1.7647,7763457.0
2025-03-06 00:30:00,1.7646,1.783,1.7428,1.7541,3843317.0
2025-03-06 01:00:00,1.754,1.7772,1.7443,1.7578,4026537.0
2025-03-06 01:30:00,1.7578,1.8442,1.731,1.8305,10299978.0
2025-03-06 02:00:00,1.8305,1.8683,1.7915,1.8222,10229523.0
2025-03-06 02:30:00,1.8222,1.8389,1.8121,1.8299,4119892.0
2025-03-06 03:00:00,1.8294,1.8476,1.8182,1.8337,4801652.0
2025-03-06 03:30:00,1.8338,1.8355,1.808,1.8162,3803781.0
2025-03-06 04:00:00,1.8162,1.8213,1.7865,1.7888,3905157.0
2025-03-06 04:30:00,1.7888,1.7959,1.7765,1.7934,4473803.0
2025-03-06 05:00:00,1.7933,1.7971,1.762,1.7716,3643815.0
2025-03-06 05:30:00,1.7716,1.772,1.7444,1.7611,4174180.0
2025-03-06 06:00:00,1.761,1.7623,1.6984,1.7134,6710925.0
2025-03-06 06:30:00,1.7134,1.7335,1.6759,1.6904,7593565.0
2025-03-06 07:00:00,1.6904,1.704,1.6779,1.683,4791539.0
2025-03-06 07:30:00,1.6833,1.7236,1.6829,1.7102,7370750.0
2025-03-06 08:00:00,1.7102,1.7249,1.6986,1.7122,5138548.0
2025-03-06 08:30:00,1.7118,1.7165,1.6987,1.7089,2499311.0
2025-03-06 09:00:00,1.7087,1.7351,1.7009,1.7076,4617128.0
2025-03-06 09:30:00,1.7079,1.7138,1.6947,1.7057,3042764.0
2025-03-06 10:00:00,1.7057,1.7058,1.6921,1.6997,2755214.0
2025-03-06 10:30:00,1.6997,1.701,1.6875,1.6988,2112484.0
2025-03-06 11:00:00,1.6987,1.7156,1.6951,1.7084,2800652.0
2025-03-06 11:30:00,1.7083,1.7196,1.6942,1.7012,3245361.0
2025-03-06 12:00:00,1.7015,1.7024,1.6671,1.6832,5760838.0
2025-03-06 12:30:00,1.6831,1.6917,1.6753,1.6753,2391562.0
2025-03-06 13:00:00,1.6754,1.688,1.6678,1.679,2558241.0
2025-03-06 13:30:00,1.6792,1.6928,1.6735,1.6766,2663037.0
2025-03-06 14:00:00,1.6766,1.6946,1.6751,1.6874,3195636.0
2025-03-06 14:30:00,1.6873,1.6907,1.6678,1.6774,3392906.0
2025-03-06 15:00:00,1.6772,1.699,1.6749,1.6887,3509713.0
2025-03-06 15:30:00,1.6888,1.6937,1.675,1.6785,2489606.0
2025-03-06 16:00:00,1.6786,1.6788,1.6526,1.6623,4695957.0
2025-03-06 16:30:00,1.6622,1.6779,1.6598,1.6638,2585310.0
2025-03-06 17:00:00,1.6637,1.6686,1.6552,1.658,2796698.0
2025-03-06 17:30:00,1.6581,1.661,1.6211,1.6342,4783173.0
2025-03-06 18:00:00,1.6341,1.6412,1.6177,1.619,1898282.0
2025-03-06 18:30:00,1.6189,1.6266,1.6123,1.6196,1600432.0
2025-03-06 19:00:00,1.6195,1.6215,1.6051,1.6079,1309487.0
2025-03-06 19:30:00,1.6079,1.6273,1.6057,1.6152,1663514.0
2025-03-06 20:00:00,1.6149,1.6394,1.6119,1.6387,1346718.0
2025-03-06 20:30:00,1.6385,1.6442,1.6251,1.6325,1504920.0
2025-03-06 21:00:00,1.6326,1.642,1.6253,1.6277,1100193.0
2025-03-06 21:30:00,1.6281,1.6287,1.61,1.6204,1775420.0
2025-03-06 22:00:00,1.6204,1.645,1.6203,1.6274,2872556.0
2025-03-06 22:30:00,1.6273,1.6391,1.6191,1.6362,1170628.0
2025-03-06 23:00:00,1.6361,1.6459,1.6238,1.628,1532649.0
2025-03-06 23:30:00,1.6282,1.642,1.6241,1.6318,1435315.0
2025-03-07 00:00:00,1.6317,1.65,1.5701,1.5992,12135685.0
2025-03-07 00:30:00,1.5991,1.6308,1.5757,1.6304,7192490.0
2025-03-07 01:00:00,1.6304,1.6366,1.6037,1.6186,4280728.0
2025-03-07 01:30:00,1.6185,1.6222,1.5953,1.6033,3000487.0
2025-03-07 02:00:00,1.6033,1.6184,1.5962,1.6048,1787794.0
2025-03-07 02:30:00,1.6047,1.6166,1.5885,1.5913,1943055.0
2025-03-07 03:00:00,1.5913,1.6148,1.5841,1.6146,2139370.0
2025-03-07 03:30:00,1.6146,1.6158,1.6004,1.6035,1630812.0
2025-03-07 04:00:00,1.6031,1.6586,1.6007,1.6386,4756394.0
2025-03-07 04:30:00,1.6388,1.6947,1.6378,1.6737,6739728.0
2025-03-07 05:00:00,1.6737,1.7284,1.6651,1.6996,10059519.0
2025-03-07 05:30:00,1.6995,1.7015,1.6681,1.6857,5174459.0
2025-03-07 06:00:00,1.6857,1.6859,1.6568,1.6666,4366854.0
2025-03-07 06:30:00,1.6666,1.6728,1.6427,1.65,4587109.0
2025-03-07 07:00:00,1.65,1.6608,1.6304,1.6309,3837054.0
2025-03-07 07:30:00,1.6307,1.6319,1.6078,1.6222,3983875.0
2025-03-07 08:00:00,1.6219,1.6357,1.6112,1.6164,3153301.0
2025-03-07 08:30:00,1.6164,1.6236,1.6036,1.6211,2798975.0
2025-03-07 09:00:00,1.6212,1.6592,1.6211,1.6434,4270659.0
2025-03-07 09:30:00,1.6434,1.6479,1.6274,1.6392,2106833.0
2025-03-07 10:00:00,1.6392,1.6438,1.6273,1.6307,1583390.0
2025-03-07 10:30:00,1.6307,1.6347,1.6211,1.6293,1548619.0
2025-03-07 11:00:00,1.6287,1.6376,1.6125,1.619,1642296.0
2025-03-07 11:30:00,1.6192,1.6263,1.6091,1.6233,1453903.0
2025-03-07 12:00:00,1.6234,1.6258,1.6118,1.62,1329400.0
2025-03-07 12:30:00,1.62,1.6204,1.6011,1.605,2117793.0
2025-03-07 13:00:00,1.605,1.6212,1.6048,1.6168,1475182.0
2025-03-07 13:30:00,1.6167,1.6491,1.6127,1.6284,4803566.0
2025-03-07 14:00:00,1.6285,1.6436,1.6115,1.6175,2117035.0
2025-03-07 14:30:00,1.6174,1.6456,1.6041,1.6313,3846299.0
2025-03-07 15:00:00,1.631,1.6646,1.6277,1.6547,3816140.0
2025-03-07 15:30:00,1.6546,1.6546,1.6212,1.6385,3332163.0
2025-03-07 16:00:00,1.6386,1.6491,1.604,1.6138,4210051.0
2025-03-07 16:30:00,1.6139,1.6206,1.5689,1.5881,4779439.0
2025-03-07 17:00:00,1.5885,1.6175,1.5731,1.6,3309203.0
2025-03-07 17:30:00,1.5998,1.619,1.5884,1.6012,2816613.0
2025-03-07 18:00:00,1.6013,1.6186,1.5975,1.6084,1599278.0
2025-03-07 18:30:00,1.6086,1.6524,1.6069,1.648,2823126.0
2025-03-07 19:00:00,1.6482,1.6594,1.6358,1.6483,2229456.0
2025-03-07 19:30:00,1.6484,1.6513,1.6277,1.631,1802797.0
2025-03-07 20:00:00,1.631,1.6425,1.619,1.6248,1167415.0
2025-03-07 20:30:00,1.6248,1.6363,1.5988,1.6148,3047466.0
2025-03-07 21:00:00,1.6145,1.6178,1.5519,1.5869,5662056.0
2025-03-07 21:30:00,1.5869,1.5882,1.5501,1.5646,2400270.0
2025-03-07 22:00:00,1.5648,1.5847,1.545,1.5795,2225765.0
2025-03-07 22:30:00,1.58,1.5979,1.5739,1.5776,1354710.0
2025-03-07 23:00:00,1.578,1.578,1.5383,1.5502,2004181.0
2025-03-07 23:30:00,1.5503,1.5537,1.539,1.547,1331861.0
2025-03-08 00:00:00,1.5471,1.555,1.5355,1.541,1710538.0
2025-03-08 00:30:00,1.5411,1.5628,1.5366,1.5516,1502852.0
2025-03-08 01:00:00,1.5518,1.5623,1.5349,1.5422,2384214.0
2025-03-08 01:30:00,1.5422,1.554,1.5189,1.5531,3084398.0
2025-03-08 02:00:00,1.5531,1.5571,1.5406,1.5478,1251440.0
2025-03-08 02:30:00,1.5478,1.562,1.545,1.5572,1106992.0
2025-03-08 03:00:00,1.5572,1.5575,1.5383,1.5485,1274041.0
2025-03-08 03:30:00,1.5486,1.5637,1.5485,1.56,1165300.0
2025-03-08 04:00:00,1.5601,1.5861,1.558,1.5826,2877164.0
2025-03-08 04:30:00,1.5826,1.5965,1.5789,1.5813,2084295.0
2025-03-08 05:00:00,1.5813,1.5998,1.5801,1.5947,1879660.0
2025-03-08 05:30:00,1.5947,1.6229,1.594,1.604,3432661.0
2025-03-08 06:00:00,1.6039,1.6085,1.5858,1.592,2330831.0
2025-03-08 06:30:00,1.5921,1.5966,1.5803,1.5862,1969728.0
2025-03-08 07:00:00,1.5864,1.6042,1.5827,1.5893,1609494.0
2025-03-08 07:30:00,1.5893,1.5985,1.5769,1.5819,1706724.0
2025-03-08 08:00:00,1.5819,1.592,1.5754,1.592,1440617.0
2025-03-08 08:30:00,1.592,1.5936,1.5788,1.5882,971029.0
2025-03-08 09:00:00,1.5881,1.645,1.587,1.6177,3553421.0
2025-03-08 09:30:00,1.6176,1.6314,1.6089,1.6171,2491533.0
2025-03-08 10:00:00,1.617,1.6506,1.6158,1.6412,3213864.0
2025-03-08 10:30:00,1.6411,1.6676,1.6264,1.6671,4515198.0
2025-03-08 11:00:00,1.6672,1.7348,1.6613,1.719,17905818.0
2025-03-08 11:30:00,1.7191,1.74,1.683,1.7032,11978435.0
2025-03-08 12:00:00,1.7033,1.704,1.6632,1.6928,7657656.0
2025-03-08 12:30:00,1.6928,1.7095,1.68,1.6944,4712609.0
2025-03-08 13:00:00,1.6946,1.7496,1.6929,1.7318,8635092.0
2025-03-08 13:30:00,1.7318,1.7373,1.6991,1.7095,6333356.0
2025-03-08 14:00:00,1.7095,1.7297,1.683,1.6914,5950104.0
2025-03-08 14:30:00,1.6914,1.6988,1.6778,1.6839,2960900.0
2025-03-08 15:00:00,1.684,1.6952,1.6713,1.6783,3967841.0
2025-03-08 15:30:00,1.6783,1.7198,1.678,1.7069,5126999.0
2025-03-08 16:00:00,1.707,1.7325,1.686,1.7099,6331182.0
2025-03-08 16:30:00,1.7098,1.7426,1.7007,1.7195,5832594.0
2025-03-08 17:00:00,1.7195,1.747,1.7111,1.7355,4693319.0
2025-03-08 17:30:00,1.7354,1.7381,1.7102,1.7156,3459695.0
2025-03-08 18:00:00,1.7155,1.7937,1.7148,1.7595,6338287.0
2025-03-08 18:30:00,1.7596,1.7614,1.6921,1.7091,5274173.0
2025-03-08 19:00:00,1.709,1.7225,1.6841,1.6923,3754802.0
2025-03-08 19:30:00,1.6923,1.713,1.691,1.7002,1957195.0
2025-03-08 20:00:00,1.7003,1.708,1.6881,1.7039,1495642.0
2025-03-08 20:30:00,1.704,1.7062,1.6905,1.7016,1120134.0
2025-03-08 21:00:00,1.7014,1.7089,1.6809,1.6892,2010289.0
2025-03-08 21:30:00,1.6892,1.6933,1.672,1.68,1845813.0
2025-03-08 22:00:00,1.68,1.6874,1.6638,1.6702,2014328.0
2025-03-08 22:30:00,1.6701,1.6769,1.6614,1.6637,1133163.0
2025-03-08 23:00:00,1.6637,1.6819,1.6562,1.6604,2129959.0
2025-03-08 23:30:00,1.6605,1.6644,1.6407,1.6531,2801006.0
2025-03-09 00:00:00,1.6531,1.6636,1.636,1.6422,2253724.0
2025-03-09 00:30:00,1.6423,1.6474,1.6261,1.6439,2289905.0
2025-03-09 01:00:00,1.6439,1.6647,1.639,1.6632,2740497.0
2025-03-09 01:30:00,1.6632,1.6756,1.6566,1.6609,2830594.0
2025-03-09 02:00:00,1.6611,1.6834,1.6538,1.6709,2894227.0
2025-03-09 02:30:00,1.6708,1.6743,1.6386,1.6449,2179933.0
2025-03-09 03:00:00,1.645,1.6458,1.6222,1.6312,2571112.0
2025-03-09 03:30:00,1.6312,1.6413,1.6294,1.6337,2140220.0
2025-03-09 04:00:00,1.6335,1.6429,1.6266,1.6387,2055075.0
2025-03-09 04:30:00,1.6387,1.6399,1.6143,1.623,2112952.0
2025-03-09 05:00:00,1.6229,1.6283,1.6191,1.6218,1633702.0
2025-03-09 05:30:00,1.6218,1.625,1.6014,1.6053,2829594.0
2025-03-09 06:00:00,1.6053,1.6066,1.5835,1.589,3291609.0
2025-03-09 06:30:00,1.5891,1.6117,1.5881,1.6101,4126774.0
2025-03-09 07:00:00,1.61,1.61,1.5877,1.5994,2761185.0
2025-03-09 07:30:00,1.5993,1.6023,1.586,1.5891,1667455.0
2025-03-09 08:00:00,1.5892,1.5966,1.5802,1.5933,2219934.0
2025-03-09 08:30:00,1.5933,1.596,1.585,1.5898,1857103.0
2025-03-09 09:00:00,1.5898,1.5898,1.576,1.586,2494925.0
2025-03-09 09:30:00,1.5859,1.5952,1.5817,1.5899,2094645.0
2025-03-09 10:00:00,1.59,1.6082,1.5818,1.5907,3460455.0
2025-03-09 10:30:00,1.5908,1.5969,1.557,1.5701,5219321.0
2025-03-09 11:00:00,1.5701,1.5732,1.5609,1.5617,1890957.0
2025-03-09 11:30:00,1.5618,1.5675,1.5564,1.5588,2165313.0
2025-03-09 12:00:00,1.5589,1.564,1.5507,1.557,3060747.0
2025-03-09 12:30:00,1.5567,1.573,1.5503,1.5712,2020350.0
2025-03-09 13:00:00,1.5712,1.5944,1.5638,1.5906,3718927.0
2025-03-09 13:30:00,1.5899,1.5933,1.5723,1.5764,3645729.0
2025-03-09 14:00:00,1.5764,1.5887,1.5623,1.5725,3574105.0
2025-03-09 14:30:00,1.5726,1.579,1.5547,1.5614,2825137.0
2025-03-09 15:00:00,1.5615,1.5686,1.5223,1.531,4636996.0
2025-03-09 15:30:00,1.5311,1.5425,1.5162,1.5389,3340460.0
2025-03-09 16:00:00,1.5391,1.5583,1.5367,1.5476,4075200.0
2025-03-09 16:30:00,1.5477,1.5496,1.5271,1.5314,3077205.0
2025-03-09 17:00:00,1.5315,1.5368,1.506,1.5342,4545998.0
2025-03-09 17:30:00,1.5343,1.5407,1.5153,1.5196,2742185.0
2025-03-09 18:00:00,1.5195,1.5243,1.4713,1.5045,5678053.0
2025-03-09 18:30:00,1.5046,1.5144,1.4781,1.4947,2462421.0
2025-03-09 19:00:00,1.4948,1.5143,1.4893,1.503,2487667.0
2025-03-09 19:30:00,1.503,1.5256,1.4995,1.5134,1613181.0
2025-03-09 20:00:00,1.5136,1.5349,1.5068,1.509,1933837.0
2025-03-09 20:30:00,1.509,1.5132,1.498,1.5032,844782.0
2025-03-09 21:00:00,1.503,1.5056,1.4901,1.498,1084707.0
2025-03-09 21:30:00,1.4977,1.5005,1.4868,1.4882,794148.0
2025-03-09 22:00:00,1.4882,1.5022,1.481,1.4882,1784245.0
2025-03-09 22:30:00,1.4882,1.4942,1.4712,1.473,1515275.0
2025-03-09 23:00:00,1.4731,1.4935,1.4656,1.4851,2039173.0
2025-03-09 23:30:00,1.485,1.4923,1.4779,1.4827,992979.0
2025-03-10 00:00:00,1.4828,1.5018,1.4673,1.4701,2212403.0
2025-03-10 00:30:00,1.4701,1.5103,1.4561,1.4998,3845258.0
2025-03-10 01:00:00,1.4997,1.5157,1.4964,1.5096,2273293.0
2025-03-10 01:30:00,1.5095,1.5188,1.5052,1.5153,1742033.0
2025-03-10 02:00:00,1.5153,1.5225,1.4993,1.5098,1756881.0
2025-03-10 02:30:00,1.5098,1.5152,1.4773,1.4815,2374514.0
2025-03-10 03:00:00,1.4815,1.4826,1.4656,1.4664,2153474.0
2025-03-10 03:30:00,1.4664,1.4883,1.4625,1.4714,1743514.0
2025-03-10 04:00:00,1.471,1.4983,1.4703,1.4959,1697498.0
2025-03-10 04:30:00,1.4958,1.4994,1.484,1.4884,1209567.0
2025-03-10 05:00:00,1.4881,1.5216,1.4871,1.5092,2528635.0
2025-03-10 05:30:00,1.5092,1.5188,1.4987,1.514,1632058.0
2025-03-10 06:00:00,1.5139,1.515,1.5019,1.5036,1768183.0
2025-03-10 06:30:00,1.5036,1.506,1.4875,1.4909,2936908.0
2025-03-10 07:00:00,1.4909,1.5075,1.486,1.4877,1135064.0
2025-03-10 07:30:00,1.4879,1.4971,1.4758,1.4911,2031853.0
2025-03-10 08:00:00,1.4912,1.5032,1.4804,1.4922,2447010.0
2025-03-10 08:30:00,1.4921,1.4937,1.4366,1.4447,4854402.0
2025-03-10 09:00:00,1.4447,1.5306,1.4434,1.5198,8479539.0
2025-03-10 09:30:00,1.5196,1.523,1.4706,1.4825,5093371.0
2025-03-10 10:00:00,1.4822,1.4854,1.4511,1.46,4767369.0
2025-03-10 10:30:00,1.4602,1.473,1.4521,1.4609,1999766.0
2025-03-10 11:00:00,1.461,1.4705,1.4531,1.4618,1963265.0
2025-03-10 11:30:00,1.4619,1.5002,1.4594,1.4936,3005870.0
2025-03-10 12:00:00,1.4936,1.5061,1.4711,1.4737,4199234.0
2025-03-10 12:30:00,1.4736,1.4815,1.464,1.4734,2142757.0
2025-03-10 13:00:00,1.4733,1.4866,1.4609,1.4675,2973318.0
2025-03-10 13:30:00,1.4676,1.4694,1.4204,1.4251,5023521.0
2025-03-10 14:00:00,1.4246,1.4308,1.3691,1.3842,9686076.0
2025-03-10 14:30:00,1.3843,1.3944,1.3516,1.3666,7323396.0
2025-03-10 15:00:00,1.3667,1.3844,1.3531,1.3536,4444216.0
2025-03-10 15:30:00,1.3534,1.3746,1.3393,1.3654,5112713.0
2025-03-10 16:00:00,1.3652,1.39,1.352,1.3673,6205540.0
2025-03-10 16:30:00,1.3671,1.3742,1.3343,1.3387,3144794.0
2025-03-10 17:00:00,1.339,1.3487,1.3177,1.3386,5290801.0
2025-03-10 17:30:00,1.3384,1.3417,1.3079,1.3156,2941449.0
2025-03-10 18:00:00,1.3156,1.3326,1.3087,1.322,3695449.0
2025-03-10 18:30:00,1.3218,1.3285,1.2806,1.2868,4005313.0
2025-03-10 19:00:00,1.2866,1.3259,1.2807,1.3151,5045316.0
2025-03-10 19:30:00,1.3151,1.3337,1.3138,1.3261,2217089.0
2025-03-10 20:00:00,1.3261,1.3382,1.3204,1.3301,1734723.0
2025-03-10 20:30:00,1.3303,1.3407,1.3215,1.3352,1270436.0
2025-03-10 21:00:00,1.3352,1.3763,1.3296,1.346,3034500.0
2025-03-10 21:30:00,1.3467,1.3515,1.3327,1.3378,864467.0
2025-03-10 22:00:00,1.3378,1.3391,1.3235,1.3307,1071653.0
2025-03-10 22:30:00,1.3307,1.3339,1.3173,1.3208,1142710.0
2025-03-10 23:00:00,1.3207,1.3312,1.3148,1.3182,1174648.0
2025-03-10 23:30:00,1.3182,1.3268,1.3091,1.3128,1615288.0
2025-03-11 00:00:00,1.313,1.3445,1.3094,1.3096,3873963.0
2025-03-11 00:30:00,1.3095,1.3154,1.2554,1.2906,7848343.0
2025-03-11 01:00:00,1.2901,1.3149,1.2645,1.2994,4911540.0
2025-03-11 01:30:00,1.2994,1.3353,1.2994,1.3332,3917347.0
2025-03-11 02:00:00,1.3328,1.373,1.3262,1.363,3661631.0
2025-03-11 02:30:00,1.3631,1.3864,1.3541,1.3669,4565758.0
2025-03-11 03:00:00,1.3668,1.3813,1.36,1.3653,2093156.0
2025-03-11 03:30:00,1.3652,1.3774,1.3648,1.3724,1612531.0
2025-03-11 04:00:00,1.3719,1.3899,1.3706,1.3753,2255784.0
2025-03-11 04:30:00,1.3752,1.3752,1.3521,1.3525,2169223.0
2025-03-11 05:00:00,1.3524,1.3857,1.3514,1.372,3241954.0
2025-03-11 05:30:00,1.3719,1.3782,1.3643,1.3675,1247139.0
2025-03-11 06:00:00,1.3675,1.3833,1.362,1.3725,2127019.0
2025-03-11 06:30:00,1.3726,1.3815,1.3566,1.3595,2516366.0
2025-03-11 07:00:00,1.3594,1.3703,1.3545,1.3596,1900774.0
2025-03-11 07:30:00,1.3596,1.36,1.34,1.3521,2296861.0
2025-03-11 08:00:00,1.3521,1.3563,1.3456,1.3519,1195086.0
2025-03-11 08:30:00,1.352,1.3533,1.3354,1.3431,1893245.0
2025-03-11 09:00:00,1.343,1.3519,1.3392,1.3516,1202848.0
2025-03-11 09:30:00,1.3517,1.3519,1.3331,1.3413,1432166.0
2025-03-11 10:00:00,1.3415,1.3471,1.3338,1.3441,1685738.0
2025-03-11 10:30:00,1.344,1.3454,1.3304,1.3372,1199085.0
2025-03-11 11:00:00,1.3371,1.3446,1.3245,1.3443,1523707.0
2025-03-11 11:30:00,1.3444,1.3538,1.3382,1.3433,1601935.0
2025-03-11 12:00:00,1.3434,1.3561,1.3401,1.3406,1657722.0
2025-03-11 12:30:00,1.3407,1.3446,1.3207,1.3243,1913754.0
2025-03-11 13:00:00,1.3243,1.3802,1.3185,1.3622,6686848.0
2025-03-11 13:30:00,1.3623,1.3836,1.3362,1.344,5138294.0
2025-03-11 14:00:00,1.344,1.369,1.3381,1.3532,4274399.0
2025-03-11 14:30:00,1.3531,1.3607,1.3202,1.3404,4419478.0
2025-03-11 15:00:00,1.3403,1.3897,1.3382,1.3679,4595212.0
2025-03-11 15:30:00,1.3678,1.375,1.3534,1.3704,1813982.0
2025-03-11 16:00:00,1.3703,1.395,1.3669,1.3907,3711206.0
2025-03-11 16:30:00,1.3906,1.4497,1.3848,1.4427,7677545.0
2025-03-11 17:00:00,1.4426,1.4476,1.4037,1.404,5879397.0
2025-03-11 17:30:00,1.4041,1.4161,1.3915,1.3986,2562362.0
2025-03-11 18:00:00,1.3988,1.4509,1.3972,1.429,3140011.0
2025-03-11 18:30:00,1.429,1.43,1.397,1.4002,2371905.0
2025-03-11 19:00:00,1.4002,1.4007,1.3696,1.3788,2458683.0
2025-03-11 19:30:00,1.3787,1.388,1.3691,1.382,2289026.0
2025-03-11 20:00:00,1.3819,1.3855,1.3715,1.375,1205673.0
2025-03-11 20:30:00,1.3751,1.3754,1.3623,1.3653,1439750.0
2025-03-11 21:00:00,1.3653,1.3756,1.3628,1.3716,843729.0
2025-03-11 21:30:00,1.3715,1.3747,1.3515,1.3561,907029.0
2025-03-11 22:00:00,1.3558,1.3665,1.3461,1.3598,1182228.0
2025-03-11 22:30:00,1.36,1.365,1.3489,1.3608,899985.0
2025-03-11 23:00:00,1.3608,1.3655,1.3508,1.355,1030738.0
2025-03-11 23:30:00,1.3552,1.3614,1.3501,1.3595,867572.0
2025-03-12 00:00:00,1.3594,1.3762,1.3534,1.3685,2056412.0
2025-03-12 00:30:00,1.3685,1.3842,1.3544,1.3682,2834029.0
2025-03-12 01:00:00,1.3683,1.394,1.3626,1.3874,2799767.0
2025-03-12 01:30:00,1.3875,1.3918,1.3671,1.3686,1654491.0
2025-03-12 02:00:00,1.3685,1.3685,1.3458,1.3548,2608718.0
2025-03-12 02:30:00,1.3551,1.3552,1.3344,1.3404,2232306.0
2025-03-12 03:00:00,1.3403,1.3528,1.3385,1.3444,1444130.0
2025-03-12 03:30:00,1.3445,1.3569,1.3359,1.3412,1727333.0
2025-03-12 04:00:00,1.3409,1.3472,1.3257,1.3306,1720318.0
2025-03-12 04:30:00,1.3304,1.3328,1.3207,1.3243,1307853.0
2025-03-12 05:00:00,1.3244,1.3343,1.3234,1.33,1250114.0
2025-03-12 05:30:00,1.3299,1.3385,1.3252,1.3314,1324080.0
2025-03-12 06:00:00,1.3313,1.3376,1.3223,1.3306,1091737.0
2025-03-12 06:30:00,1.3306,1.3349,1.3169,1.3254,994541.0
2025-03-12 07:00:00,1.3253,1.3409,1.3245,1.3358,1412264.0
2025-03-12 07:30:00,1.3357,1.3409,1.3243,1.3313,1326083.0
2025-03-12 08:00:00,1.3314,1.3479,1.3271,1.3419,2614870.0
2025-03-12 08:30:00,1.3418,1.3555,1.3366,1.3517,1474568.0
2025-03-12 09:00:00,1.3517,1.3643,1.326,1.3267,2965624.0
2025-03-12 09:30:00,1.3267,1.3392,1.3264,1.3294,1345403.0
2025-03-12 10:00:00,1.3291,1.3311,1.3125,1.3242,2302068.0
2025-03-12 10:30:00,1.324,1.3253,1.3144,1.3203,825561.0
2025-03-12 11:00:00,1.3204,1.3307,1.3204,1.3266,1175806.0
2025-03-12 11:30:00,1.3265,1.33,1.318,1.3293,1242705.0
2025-03-12 12:00:00,1.3292,1.36,1.3221,1.3514,2494672.0
2025-03-12 12:30:00,1.351,1.3698,1.3462,1.3588,4614382.0
2025-03-12 13:00:00,1.3589,1.3671,1.3361,1.3411,2335701.0
2025-03-12 13:30:00,1.341,1.345,1.3215,1.3289,2546130.0
2025-03-12 14:00:00,1.3287,1.3344,1.3213,1.3276,1891286.0
2025-03-12 14:30:00,1.3276,1.3325,1.3032,1.3085,2984034.0
2025-03-12 15:00:00,1.3086,1.3156,1.2906,1.3056,2610556.0
2025-03-12 15:30:00,1.3056,1.3457,1.3034,1.3392,2667161.0
2025-03-12 16:00:00,1.3392,1.3624,1.3319,1.3558,2982810.0
2025-03-12 16:30:00,1.3561,1.3786,1.3462,1.347,3266941.0
2025-03-12 17:00:00,1.347,1.3582,1.343,1.3508,1889066.0
2025-03-12 17:30:00,1.3508,1.352,1.3314,1.3356,1770726.0
2025-03-12 18:00:00,1.3356,1.3551,1.3341,1.3551,1080651.0
2025-03-12 18:30:00,1.3552,1.3701,1.3542,1.359,1506859.0
2025-03-12 19:00:00,1.359,1.3927,1.3574,1.382,2139192.0
2025-03-12 19:30:00,1.3819,1.3973,1.379,1.3835,1758042.0
2025-03-12 20:00:00,1.384,1.4175,1.3824,1.4137,2179140.0
2025-03-12 20:30:00,1.4141,1.4584,1.4132,1.4554,4306833.0
2025-03-12 21:00:00,1.4554,1.4997,1.4392,1.4414,5924067.0
2025-03-12 21:30:00,1.4415,1.4492,1.413,1.4187,3090484.0
2025-03-12 22:00:00,1.4187,1.4569,1.417,1.456,3151582.0
2025-03-12 22:30:00,1.4559,1.4676,1.4377,1.4651,2630936.0
2025-03-12 23:00:00,1.4651,1.4768,1.451,1.4727,3087719.0
2025-03-12 23:30:00,1.4727,1.4999,1.4719,1.4931,2936906.0
2025-03-13 00:00:00,1.4929,1.5087,1.4675,1.469,3989739.0
2025-03-13 00:30:00,1.4686,1.4787,1.4647,1.4721,2349782.0
2025-03-13 01:00:00,1.4722,1.4773,1.4517,1.4557,2885369.0
2025-03-13 01:30:00,1.4556,1.4625,1.4467,1.4515,2079987.0
2025-03-13 02:00:00,1.4516,1.4793,1.4417,1.472,2502903.0
2025-03-13 02:30:00,1.472,1.5435,1.472,1.5223,6568944.0
2025-03-13 03:00:00,1.5223,1.5658,1.5178,1.5496,6547589.0
2025-03-13 03:30:00,1.5497,1.5659,1.5401,1.544,3941900.0
2025-03-13 04:00:00,1.5437,1.6044,1.5415,1.5604,8244907.0
2025-03-13 04:30:00,1.5605,1.5678,1.5157,1.5275,8266035.0
2025-03-13 05:00:00,1.5275,1.5313,1.5037,1.5145,5072425.0
2025-03-13 05:30:00,1.5142,1.5452,1.5078,1.529,6798678.0
2025-03-13 06:00:00,1.5287,1.5512,1.5173,1.5284,3951239.0
2025-03-13 06:30:00,1.5285,1.5362,1.4847,1.4931,5730287.0
2025-03-13 07:00:00,1.493,1.5097,1.4746,1.4989,6820783.0
2025-03-13 07:30:00,1.4988,1.5135,1.4816,1.4902,4028703.0
2025-03-13 08:00:00,1.4901,1.4904,1.4654,1.4683,2796548.0
2025-03-13 08:30:00,1.4681,1.4838,1.4616,1.4713,3490413.0
2025-03-13 09:00:00,1.4712,1.4858,1.4664,1.4696,3538309.0
2025-03-13 09:30:00,1.4695,1.4845,1.456,1.4827,4267972.0
2025-03-13 10:00:00,1.4826,1.4895,1.4608,1.4662,2633193.0
2025-03-13 10:30:00,1.4663,1.4815,1.4614,1.4779,2299188.0
2025-03-13 11:00:00,1.4778,1.4843,1.4657,1.4775,1636879.0
2025-03-13 11:30:00,1.4776,1.4998,1.4776,1.4905,3314530.0
2025-03-13 12:00:00,1.4904,1.4953,1.4683,1.4722,2929819.0
2025-03-13 12:30:00,1.4725,1.4862,1.4534,1.4617,3740178.0
2025-03-13 13:00:00,1.4616,1.4744,1.4371,1.4428,3165800.0
2025-03-13 13:30:00,1.4428,1.4428,1.4151,1.4264,4842758.0
2025-03-13 14:00:00,1.4265,1.4333,1.4088,1.428,3947568.0
2025-03-13 14:30:00,1.428,1.4286,1.4153,1.4198,1700237.0
2025-03-13 15:00:00,1.4198,1.4238,1.4062,1.4188,1887476.0
2025-03-13 15:30:00,1.4188,1.4223,1.4046,1.4109,1717399.0
2025-03-13 16:00:00,1.4108,1.4235,1.3975,1.4044,3457623.0
2025-03-13 16:30:00,1.4043,1.4111,1.3936,1.3993,1841979.0
2025-03-13 17:00:00,1.3993,1.4001,1.3816,1.3868,1864934.0
2025-03-13 17:30:00,1.3866,1.3889,1.3679,1.3779,2493023.0
2025-03-13 18:00:00,1.3779,1.4074,1.3762,1.4031,2511420.0
2025-03-13 18:30:00,1.4032,1.4064,1.3942,1.401,1294556.0
2025-03-13 19:00:00,1.401,1.4121,1.3993,1.4077,1160276.0
2025-03-13 19:30:00,1.4076,1.4089,1.3936,1.399,1036723.0
2025-03-13 20:00:00,1.3989,1.4042,1.3929,1.3939,742048.0
2025-03-13 20:30:00,1.3939,1.3943,1.3829,1.3862,1020519.0
2025-03-13 21:00:00,1.3862,1.3962,1.3851,1.3904,792441.0
2025-03-13 21:30:00,1.3904,1.391,1.3781,1.384,691862.0
2025-03-13 22:00:00,1.3841,1.4022,1.383,1.399,896103.0
2025-03-13 22:30:00,1.3989,1.4095,1.393,1.4067,1061979.0
2025-03-13 23:00:00,1.4067,1.4122,1.3951,1.3972,1447437.0
2025-03-13 23:30:00,1.3973,1.4045,1.395,1.3962,689639.0
2025-03-14 00:00:00,1.3962,1.4108,1.3882,1.4037,1700668.0
2025-03-14 00:30:00,1.4036,1.4171,1.4009,1.4144,1673097.0
2025-03-14 01:00:00,1.4147,1.424,1.4056,1.419,1676475.0
2025-03-14 01:30:00,1.419,1.4438,1.4188,1.4288,2991888.0
2025-03-14 02:00:00,1.4287,1.4297,1.4114,1.4181,1787241.0
2025-03-14 02:30:00,1.4181,1.4274,1.4088,1.4252,1663232.0
2025-03-14 03:00:00,1.4253,1.4373,1.4162,1.4225,2069212.0
2025-03-14 03:30:00,1.4225,1.44,1.4201,1.4245,2082744.0
2025-03-14 04:00:00,1.4246,1.4363,1.4175,1.4269,1539990.0
2025-03-14 04:30:00,1.4269,1.4296,1.4155,1.4164,1336462.0
2025-03-14 05:00:00,1.4164,1.4319,1.4125,1.4283,1661291.0
2025-03-14 05:30:00,1.428,1.4353,1.4228,1.4348,917827.0
2025-03-14 06:00:00,1.4349,1.4691,1.4328,1.4494,3818651.0
2025-03-14 06:30:00,1.4495,1.4758,1.4487,1.4627,3747455.0
2025-03-14 07:00:00,1.4626,1.4774,1.4612,1.465,2129530.0
2025-03-14 07:30:00,1.4651,1.4709,1.4551,1.457,2148481.0
2025-03-14 08:00:00,1.457,1.4629,1.44,1.453,2836360.0
2025-03-14 08:30:00,1.453,1.454,1.433,1.4406,2242229.0
2025-03-14 09:00:00,1.4406,1.4457,1.4337,1.4405,1567722.0
2025-03-14 09:30:00,1.4405,1.4527,1.4311,1.4395,1977431.0
2025-03-14 10:00:00,1.4395,1.4458,1.4301,1.4362,1159415.0
2025-03-14 10:30:00,1.4361,1.4515,1.4319,1.4451,1707245.0
2025-03-14 11:00:00,1.445,1.4497,1.433,1.4411,1135776.0
2025-03-14 11:30:00,1.441,1.442,1.432,1.4348,1111431.0
2025-03-14 12:00:00,1.4349,1.4363,1.4222,1.4262,1751206.0
2025-03-14 12:30:00,1.4263,1.4313,1.4162,1.428,1668659.0
2025-03-14 13:00:00,1.4281,1.4302,1.4194,1.4226,1148248.0
2025-03-14 13:30:00,1.4227,1.4639,1.4223,1.4496,3813142.0
2025-03-14 14:00:00,1.4495,1.4612,1.4401,1.4433,3099651.0
2025-03-14 14:30:00,1.4433,1.448,1.431,1.4366,2040053.0
2025-03-14 15:00:00,1.4367,1.482,1.4367,1.4629,4821925.0
2025-03-14 15:30:00,1.463,1.4676,1.4335,1.4406,2786877.0
2025-03-14 16:00:00,1.4406,1.4441,1.4221,1.4234,2463792.0
2025-03-14 16:30:00,1.4234,1.4704,1.4229,1.46,3348050.0
2025-03-14 17:00:00,1.4601,1.4678,1.447,1.45,1395581.0
2025-03-14 17:30:00,1.4499,1.4506,1.4329,1.4418,1961737.0
2025-03-14 18:00:00,1.4418,1.4811,1.4417,1.4628,2833390.0
2025-03-14 18:30:00,1.4628,1.4762,1.4551,1.4666,1644204.0
2025-03-14 19:00:00,1.4667,1.4759,1.4552,1.4568,1005012.0
2025-03-14 19:30:00,1.4568,1.4586,1.4334,1.4443,1422498.0
2025-03-14 20:00:00,1.4444,1.447,1.4282,1.4366,995328.0
2025-03-14 20:30:00,1.4366,1.4384,1.4227,1.4293,894708.0
2025-03-14 21:00:00,1.4293,1.4297,1.4107,1.4154,1144158.0
2025-03-14 21:30:00,1.4155,1.4316,1.4132,1.4251,585293.0
2025-03-14 22:00:00,1.4253,1.4335,1.4244,1.4292,610803.0
2025-03-14 22:30:00,1.4292,1.431,1.4258,1.428,471057.0
2025-03-14 23:00:00,1.428,1.4297,1.4156,1.4236,784930.0
2025-03-14 23:30:00,1.4236,1.4236,1.4106,1.4132,668851.0
2025-03-15 00:00:00,1.4132,1.4205,1.4051,1.4099,1430649.0
2025-03-15 00:30:00,1.4098,1.4165,1.4036,1.4059,1004443.0
2025-03-15 01:00:00,1.4059,1.4077,1.3961,1.3965,1303293.0
2025-03-15 01:30:00,1.3966,1.4092,1.3944,1.406,1129077.0
2025-03-15 02:00:00,1.4059,1.4063,1.3884,1.3932,1439960.0
2025-03-15 02:30:00,1.3933,1.4046,1.3924,1.4037,847853.0
2025-03-15 03:00:00,1.4036,1.4098,1.3923,1.4008,1405560.0
2025-03-15 03:30:00,1.4007,1.402,1.3952,1.3986,664385.0
2025-03-15 04:00:00,1.3985,1.4013,1.3906,1.4012,1085553.0
2025-03-15 04:30:00,1.4011,1.4075,1.3968,1.4007,968296.0
2025-03-15 05:00:00,1.4007,1.41,1.395,1.4054,1054293.0
2025-03-15 05:30:00,1.4052,1.4068,1.3946,1.3959,921040.0
2025-03-15 06:00:00,1.396,1.4031,1.3864,1.4009,1643046.0
2025-03-15 06:30:00,1.4009,1.4063,1.3963,1.4056,1066962.0
2025-03-15 07:00:00,1.4055,1.4218,1.4009,1.4181,1866101.0
2025-03-15 07:30:00,1.418,1.4395,1.418,1.4218,3151772.0
2025-03-15 08:00:00,1.4218,1.4379,1.4088,1.4289,2721767.0
2025-03-15 08:30:00,1.4289,1.4291,1.4155,1.4264,1504437.0
2025-03-15 09:00:00,1.4265,1.4368,1.4189,1.4297,1403042.0
2025-03-15 09:30:00,1.4295,1.4735,1.4295,1.467,3132261.0
2025-03-15 10:00:00,1.4672,1.468,1.4467,1.457,2335872.0
2025-03-15 10:30:00,1.457,1.4581,1.4419,1.4442,1323748.0
2025-03-15 11:00:00,1.4443,1.4708,1.4406,1.4645,2002508.0
2025-03-15 11:30:00,1.4643,1.5191,1.4612,1.5043,4724381.0
2025-03-15 12:00:00,1.5043,1.5599,1.4814,1.488,13155967.0
2025-03-15 12:30:00,1.4882,1.4979,1.4834,1.4885,3457375.0
2025-03-15 13:00:00,1.4886,1.4931,1.4573,1.4595,3975529.0
2025-03-15 13:30:00,1.4593,1.4672,1.4477,1.4653,2778833.0
2025-03-15 14:00:00,1.4654,1.4696,1.4479,1.4643,2501866.0
2025-03-15 14:30:00,1.4643,1.4643,1.4497,1.4548,1623897.0
2025-03-15 15:00:00,1.4548,1.4584,1.4437,1.454,1710742.0
2025-03-15 15:30:00,1.4539,1.4713,1.4492,1.4696,1727150.0
2025-03-15 16:00:00,1.4696,1.4787,1.4474,1.4558,3597120.0
2025-03-15 16:30:00,1.4559,1.4695,1.4537,1.4538,1389346.0
2025-03-15 17:00:00,1.4539,1.4648,1.4473,1.4632,1143918.0
2025-03-15 17:30:00,1.4632,1.4667,1.4345,1.4363,2195485.0
2025-03-15 18:00:00,1.4361,1.4448,1.4208,1.4224,2445883.0
2025-03-15 18:30:00,1.4223,1.4229,1.397,1.3988,3478258.0
2025-03-15 19:00:00,1.3989,1.4112,1.3887,1.3898,3077302.0
2025-03-15 19:30:00,1.3898,1.4547,1.3,1.4169,26420879.0
2025-03-15 20:00:00,1.4168,1.4679,1.4161,1.4561,9324623.0
2025-03-15 20:30:00,1.4561,1.499,1.4558,1.4672,5821805.0
2025-03-15 21:00:00,1.4672,1.4806,1.4624,1.4632,2462405.0
2025-03-15 21:30:00,1.463,1.4688,1.4451,1.4457,1567405.0
2025-03-15 22:00:00,1.4458,1.4495,1.4303,1.4378,2555852.0
2025-03-15 22:30:00,1.4378,1.4603,1.437,1.4495,2086740.0
2025-03-15 23:00:00,1.4495,1.4584,1.4357,1.4389,1558780.0
2025-03-15 23:30:00,1.4389,1.4474,1.4368,1.4419,1192792.0
2025-03-16 00:00:00,1.4421,1.444,1.4274,1.4307,1373371.0
2025-03-16 00:30:00,1.4307,1.4471,1.4255,1.4391,1466437.0
2025-03-16 01:00:00,1.439,1.4424,1.4291,1.4326,977702.0
2025-03-16 01:30:00,1.4325,1.4353,1.417,1.42,1451983.0
2025-03-16 02:00:00,1.42,1.4437,1.4177,1.4292,1952921.0
2025-03-16 02:30:00,1.4293,1.4294,1.421,1.4232,641865.0
2025-03-16 03:00:00,1.4232,1.4261,1.4192,1.4204,813646.0
2025-03-16 03:30:00,1.4205,1.433,1.4151,1.4204,1471697.0
2025-03-16 04:00:00,1.4204,1.4234,1.4091,1.41,1030050.0
2025-03-16 04:30:00,1.41,1.4149,1.4056,1.4097,1033709.0
2025-03-16 05:00:00,1.4098,1.4214,1.4096,1.4153,1158342.0
2025-03-16 05:30:00,1.4152,1.4227,1.4112,1.4191,959314.0
2025-03-16 06:00:00,1.4189,1.4359,1.4177,1.4344,1821935.0
2025-03-16 06:30:00,1.4343,1.4417,1.4242,1.4356,1742066.0
2025-03-16 07:00:00,1.4355,1.44,1.42,1.4221,1193361.0
2025-03-16 07:30:00,1.4222,1.4309,1.4189,1.4222,1506242.0
2025-03-16 08:00:00,1.4221,1.4239,1.4054,1.4111,1867800.0
2025-03-16 08:30:00,1.411,1.4311,1.4099,1.4291,1455207.0
2025-03-16 09:00:00,1.429,1.436,1.4134,1.4155,1644118.0
2025-03-16 09:30:00,1.4154,1.4216,1.4118,1.4195,1235143.0
2025-03-16 10:00:00,1.4194,1.4256,1.4142,1.4187,937339.0
2025-03-16 10:30:00,1.4187,1.4226,1.412,1.4199,752632.0
2025-03-16 11:00:00,1.4198,1.4208,1.4025,1.4056,2312797.0
2025-03-16 11:30:00,1.4057,1.4088,1.3966,1.4014,2288354.0
2025-03-16 12:00:00,1.4014,1.4298,1.3993,1.4262,2901402.0
2025-03-16 12:30:00,1.4261,1.4282,1.4091,1.4161,1093786.0
2025-03-16 13:00:00,1.416,1.429,1.413,1.4157,1574062.0
2025-03-16 13:30:00,1.4156,1.4166,1.4005,1.402,1574518.0
2025-03-16 14:00:00,1.4019,1.4165,1.4015,1.409,1328486.0
2025-03-16 14:30:00,1.4089,1.4215,1.4012,1.4201,1213167.0
2025-03-16 15:00:00,1.4202,1.4237,1.4063,1.4066,1126554.0
2025-03-16 15:30:00,1.4065,1.4096,1.4007,1.4013,1082268.0
2025-03-16 16:00:00,1.4013,1.4233,1.3737,1.4055,5713325.0
2025-03-16 16:30:00,1.4055,1.4108,1.391,1.3951,1931099.0
2025-03-16 17:00:00,1.3951,1.4041,1.3865,1.3882,1309795.0
2025-03-16 17:30:00,1.3883,1.3944,1.3808,1.3882,1093168.0
2025-03-16 18:00:00,1.3884,1.3989,1.384,1.3939,1103218.0
2025-03-16 18:30:00,1.3938,1.3959,1.3759,1.3829,885490.0
2025-03-16 19:00:00,1.3829,1.3845,1.3646,1.3705,1519898.0
2025-03-16 19:30:00,1.3705,1.3859,1.3691,1.3732,1370803.0
2025-03-16 20:00:00,1.3733,1.3824,1.3689,1.3703,663307.0
2025-03-16 20:30:00,1.3704,1.3822,1.3695,1.3819,467319.0
2025-03-16 21:00:00,1.3818,1.3833,1.3688,1.3759,852036.0
2025-03-16 21:30:00,1.3758,1.3812,1.3729,1.3788,393881.0
2025-03-16 22:00:00,1.3787,1.3833,1.368,1.372,807915.0
2025-03-16 22:30:00,1.372,1.3729,1.3636,1.3682,917101.0
2025-03-16 23:00:00,1.3681,1.372,1.3563,1.3678,1070239.0
2025-03-16 23:30:00,1.3678,1.3788,1.3665,1.3772,845294.0
2025-03-17 00:00:00,1.3772,1.4012,1.3712,1.4006,1977201.0
2025-03-17 00:30:00,1.4005,1.4082,1.3874,1.3904,2053395.0
2025-03-17 01:00:00,1.3905,1.4032,1.3836,1.3842,1419345.0
2025-03-17 01:30:00,1.3841,1.4082,1.3831,1.4059,1217146.0
2025-03-17 02:00:00,1.4058,1.4075,1.3956,1.4053,1376410.0
2025-03-17 02:30:00,1.4054,1.4065,1.3881,1.3916,901137.0
2025-03-17 03:00:00,1.3914,1.4025,1.3883,1.3999,939765.0
2025-03-17 03:30:00,1.3998,1.4064,1.3971,1.402,993726.0
2025-03-17 04:00:00,1.4021,1.4168,1.3978,1.4038,1576879.0
2025-03-17 04:30:00,1.4038,1.4077,1.4013,1.4034,574292.0
2025-03-17 05:00:00,1.4034,1.4041,1.3924,1.4015,942420.0
2025-03-17 05:30:00,1.4014,1.4196,1.397,1.4014,1595968.0
2025-03-17 06:00:00,1.4014,1.4026,1.3838,1.387,1282145.0
2025-03-17 06:30:00,1.3869,1.4079,1.3808,1.4005,1849967.0
2025-03-17 07:00:00,1.4006,1.4074,1.3922,1.3986,917695.0
2025-03-17 07:30:00,1.3986,1.4127,1.398,1.4096,740519.0
2025-03-17 08:00:00,1.4096,1.4187,1.396,1.4013,1149106.0
2025-03-17 08:30:00,1.4011,1.4015,1.3914,1.3946,881565.0
2025-03-17 09:00:00,1.3943,1.3968,1.3856,1.3898,1207397.0
2025-03-17 09:30:00,1.3898,1.391,1.3802,1.3867,1320021.0
2025-03-17 10:00:00,1.3866,1.3871,1.3767,1.3788,870876.0
2025-03-17 10:30:00,1.3789,1.3839,1.373,1.3826,1152780.0
2025-03-17 11:00:00,1.3827,1.3899,1.3772,1.3865,1026860.0
2025-03-17 11:30:00,1.3865,1.3984,1.3836,1.389,1231727.0
2025-03-17 12:00:00,1.3891,1.4018,1.3842,1.39,1985589.0
2025-03-17 12:30:00,1.3899,1.4053,1.389,1.4,2703285.0
2025-03-17 13:00:00,1.3998,1.4023,1.3931,1.3953,1009956.0
2025-03-17 13:30:00,1.3953,1.4122,1.3927,1.3988,1441982.0
2025-03-17 14:00:00,1.3987,1.3992,1.3808,1.3834,1804581.0
2025-03-17 14:30:00,1.3832,1.3983,1.381,1.3875,1079270.0
2025-03-17 15:00:00,1.3875,1.3912,1.3785,1.3851,1297504.0
2025-03-17 15:30:00,1.3851,1.3853,1.372,1.3796,1408374.0
2025-03-17 16:00:00,1.3797,1.3995,1.3766,1.3843,1953595.0
2025-03-17 16:30:00,1.3842,1.3892,1.3684,1.3776,1426657.0
2025-03-17 17:00:00,1.3776,1.3894,1.376,1.3812,894725.0
2025-03-17 17:30:00,1.3812,1.3994,1.3771,1.3896,1253412.0
2025-03-17 18:00:00,1.3899,1.4098,1.389,1.4072,1232099.0
2025-03-17 18:30:00,1.4073,1.4277,1.4066,1.415,1464219.0
2025-03-17 19:00:00,1.4149,1.4328,1.4129,1.4227,1036765.0
2025-03-17 19:30:00,1.4227,1.4299,1.4153,1.4252,664816.0
2025-03-17 20:00:00,1.4252,1.4324,1.4076,1.4148,1084992.0
2025-03-17 20:30:00,1.4148,1.4255,1.4066,1.4092,752503.0
2025-03-17 21:00:00,1.4093,1.4188,1.4077,1.4146,1088344.0
2025-03-17 21:30:00,1.4147,1.4249,1.41,1.418,314450.0
2025-03-17 22:00:00,1.4181,1.4261,1.4151,1.4226,499174.0
2025-03-17 22:30:00,1.4226,1.4274,1.4173,1.426,602381.0
2025-03-17 23:00:00,1.4261,1.4277,1.4137,1.4161,626661.0
2025-03-17 23:30:00,1.4162,1.4398,1.4151,1.4338,1032399.0
2025-03-18 00:00:00,1.4339,1.4528,1.4279,1.4392,3609977.0
2025-03-18 00:30:00,1.4392,1.4399,1.4128,1.4221,2148721.0
2025-03-18 01:00:00,1.4222,1.4287,1.3951,1.4053,1692001.0
2025-03-18 01:30:00,1.4053,1.4056,1.384,1.3913,1381179.0
2025-03-18 02:00:00,1.3914,1.402,1.3872,1.3934,1355872.0
2025-03-18 02:30:00,1.3933,1.3978,1.3856,1.3894,815411.0
2025-03-18 03:00:00,1.3895,1.3907,1.3785,1.3795,1156650.0
2025-03-18 03:30:00,1.3795,1.38,1.3691,1.3746,1412839.0
2025-03-18 04:00:00,1.3746,1.3786,1.3657,1.3691,1623676.0
2025-03-18 04:30:00,1.3692,1.3696,1.3439,1.355,2338422.0
2025-03-18 05:00:00,1.3548,1.3697,1.3523,1.3581,1926701.0
2025-03-18 05:30:00,1.3582,1.3643,1.3462,1.3627,1472049.0
2025-03-18 06:00:00,1.3627,1.3683,1.3393,1.3441,1818618.0
2025-03-18 06:30:00,1.3441,1.3459,1.3309,1.3341,1467809.0
2025-03-18 07:00:00,1.3342,1.352,1.3326,1.3433,1972201.0
2025-03-18 07:30:00,1.3432,1.3572,1.3373,1.3408,5185810.0
2025-03-18 08:00:00,1.3408,1.3535,1.334,1.3488,7673148.0
2025-03-18 08:30:00,1.3488,1.3533,1.3462,1.3511,1850278.0
2025-03-18 09:00:00,1.3509,1.3526,1.3264,1.3308,5232396.0
2025-03-18 09:30:00,1.3309,1.34,1.3268,1.3326,2175719.0
2025-03-18 10:00:00,1.3326,1.3378,1.323,1.3297,1142048.0
2025-03-18 10:30:00,1.3297,1.337,1.3275,1.3324,630252.0
2025-03-18 11:00:00,1.3324,1.337,1.33,1.3324,664074.0
2025-03-18 11:30:00,1.3324,1.3429,1.3316,1.3409,1329304.0
2025-03-18 12:00:00,1.3408,1.3439,1.3336,1.3341,1361163.0
2025-03-18 12:30:00,1.3341,1.3393,1.3279,1.3336,1653090.0
2025-03-18 13:00:00,1.3337,1.3385,1.3287,1.3385,970692.0
2025-03-18 13:30:00,1.3385,1.3417,1.315,1.3265,2620341.0
2025-03-18 14:00:00,1.3264,1.3347,1.3231,1.3345,1302110.0
2025-03-18 14:30:00,1.3348,1.3491,1.3332,1.3414,2215820.0
2025-03-18 15:00:00,1.3413,1.3415,1.3267,1.3316,987001.0
2025-03-18 15:30:00,1.3315,1.3339,1.3239,1.3271,807306.0
2025-03-18 16:00:00,1.3272,1.3395,1.326,1.3331,867510.0
2025-03-18 16:30:00,1.333,1.3372,1.3221,1.3255,669140.0
2025-03-18 17:00:00,1.3256,1.3264,1.3132,1.3157,1219896.0
2025-03-18 17:30:00,1.3158,1.3176,1.3075,1.3109,759378.0
2025-03-18 18:00:00,1.311,1.314,1.3018,1.3111,777822.0
2025-03-18 18:30:00,1.311,1.3256,1.3061,1.3247,755951.0
2025-03-18 19:00:00,1.3249,1.3298,1.3195,1.3195,459881.0
2025-03-18 19:30:00,1.3197,1.3293,1.3187,1.3275,322250.0
2025-03-18 20:00:00,1.3273,1.3296,1.3169,1.3186,405895.0
2025-03-18 20:30:00,1.3187,1.3218,1.3147,1.317,297921.0
2025-03-18 21:00:00,1.3168,1.3293,1.3134,1.3174,610928.0
2025-03-18 21:30:00,1.3174,1.3186,1.3102,1.3138,301426.0
2025-03-18 22:00:00,1.3138,1.3228,1.3124,1.3176,700213.0
2025-03-18 22:30:00,1.3177,1.3218,1.3155,1.3179,484302.0
2025-03-18 23:00:00,1.3179,1.3306,1.3175,1.3282,934127.0
2025-03-18 23:30:00,1.3282,1.3283,1.3178,1.3196,787593.0
2025-03-19 00:00:00,1.3196,1.3228,1.3126,1.3211,1219083.0
2025-03-19 00:30:00,1.3211,1.3334,1.3188,1.3206,1394040.0
2025-03-19 01:00:00,1.3206,1.3226,1.3113,1.3155,1080357.0
2025-03-19 01:30:00,1.3155,1.3186,1.3041,1.3053,1249867.0
2025-03-19 02:00:00,1.3053,1.3119,1.2825,1.2993,7880413.0
2025-03-19 02:30:00,1.2994,1.3126,1.2983,1.3105,6240459.0
2025-03-19 03:00:00,1.3106,1.3206,1.3086,1.3107,1635135.0
2025-03-19 03:30:00,1.3107,1.3295,1.3084,1.328,1206672.0
2025-03-19 04:00:00,1.328,1.3413,1.3215,1.3294,2136567.0
2025-03-19 04:30:00,1.3294,1.3374,1.3258,1.3285,1046242.0
2025-03-19 05:00:00,1.3286,1.3302,1.3186,1.3205,967345.0
2025-03-19 05:30:00,1.3205,1.3277,1.3188,1.3242,664862.0
2025-03-19 06:00:00,1.3242,1.3313,1.3221,1.3278,699028.0
2025-03-19 06:30:00,1.3278,1.3357,1.3275,1.3298,883748.0
2025-03-19 07:00:00,1.3299,1.3394,1.3296,1.3346,799147.0
2025-03-19 07:30:00,1.3347,1.3358,1.3112,1.319,2081826.0
2025-03-19 08:00:00,1.319,1.3234,1.3088,1.3122,1325046.0
2025-03-19 08:30:00,1.3121,1.3154,1.3025,1.3064,1620690.0
2025-03-19 09:00:00,1.3065,1.3141,1.2989,1.312,1270795.0
2025-03-19 09:30:00,1.3119,1.3188,1.305,1.3062,947441.0
2025-03-19 10:00:00,1.3062,1.3145,1.3062,1.3121,785314.0
2025-03-19 10:30:00,1.3121,1.3295,1.3121,1.3272,1926699.0
2025-03-19 11:00:00,1.3273,1.3391,1.318,1.3364,1827661.0
2025-03-19 11:30:00,1.3365,1.3395,1.3235,1.3268,1785347.0
2025-03-19 12:00:00,1.3268,1.3276,1.3126,1.3178,1272514.0
2025-03-19 12:30:00,1.3178,1.3196,1.3094,1.316,934313.0
2025-03-19 13:00:00,1.3161,1.3237,1.3033,1.3076,2497026.0
2025-03-19 13:30:00,1.3076,1.3131,1.3022,1.309,1928612.0
2025-03-19 14:00:00,1.309,1.3252,1.3077,1.3122,2229984.0
2025-03-19 14:30:00,1.3119,1.3188,1.3066,1.3168,1100426.0
2025-03-19 15:00:00,1.3167,1.3232,1.3058,1.3093,1278270.0
2025-03-19 15:30:00,1.3092,1.3192,1.3089,1.3116,1135142.0
2025-03-19 16:00:00,1.3116,1.3134,1.2939,1.3009,2394932.0
2025-03-19 16:30:00,1.3008,1.3072,1.2972,1.303,1119363.0
2025-03-19 17:00:00,1.303,1.3217,1.3019,1.3133,1278353.0
2025-03-19 17:30:00,1.3132,1.3153,1.2974,1.3038,1458331.0
2025-03-19 18:00:00,1.3038,1.321,1.294,1.3068,3960651.0
2025-03-19 18:30:00,1.3068,1.3317,1.3068,1.3211,2001930.0
2025-03-19 19:00:00,1.3209,1.3365,1.3169,1.3202,2415319.0
2025-03-19 19:30:00,1.3204,1.3343,1.3195,1.3337,931069.0
2025-03-19 20:00:00,1.3336,1.3437,1.3274,1.3352,1193218.0
2025-03-19 20:30:00,1.3352,1.337,1.3222,1.3259,643861.0
2025-03-19 21:00:00,1.3258,1.3339,1.3243,1.3328,421151.0
2025-03-19 21:30:00,1.3327,1.3378,1.3302,1.3366,348268.0
2025-03-19 22:00:00,1.3367,1.3499,1.3367,1.3412,892428.0
2025-03-19 22:30:00,1.3413,1.3481,1.3351,1.3456,624244.0
2025-03-19 23:00:00,1.3456,1.3479,1.3331,1.3399,725703.0
2025-03-19 23:30:00,1.3398,1.343,1.3339,1.3371,490816.0
2025-03-20 00:00:00,1.3372,1.3506,1.3315,1.3334,1627527.0
2025-03-20 00:30:00,1.3333,1.3337,1.3201,1.3224,1059779.0
2025-03-20 01:00:00,1.3224,1.3267,1.31,1.3149,894181.0
2025-03-20 01:30:00,1.3148,1.3253,1.3141,1.3174,672282.0
2025-03-20 02:00:00,1.3175,1.3294,1.3151,1.3257,864066.0
2025-03-20 02:30:00,1.3257,1.3325,1.3246,1.332,1084927.0
2025-03-20 03:00:00,1.3321,1.3372,1.3242,1.3313,1291953.0
2025-03-20 03:30:00,1.3313,1.3359,1.3301,1.3352,486017.0
2025-03-20 04:00:00,1.3353,1.3498,1.3327,1.3479,1195522.0
2025-03-20 04:30:00,1.3479,1.3482,1.3325,1.3431,1471600.0
2025-03-20 05:00:00,1.3434,1.3496,1.3407,1.3466,850582.0
2025-03-20 05:30:00,1.3466,1.3509,1.341,1.3443,887676.0
2025-03-20 06:00:00,1.3443,1.3507,1.3385,1.3492,928890.0
2025-03-20 06:30:00,1.3492,1.3682,1.3491,1.3665,2092291.0
2025-03-20 07:00:00,1.3666,1.39,1.357,1.3772,2399020.0
2025-03-20 07:30:00,1.3772,1.3859,1.3694,1.3774,2364596.0
2025-03-20 08:00:00,1.3774,1.3887,1.3686,1.3868,1687979.0
2025-03-20 08:30:00,1.3866,1.3989,1.3778,1.3901,2469218.0
2025-03-20 09:00:00,1.3901,1.3918,1.3757,1.3771,1315949.0
2025-03-20 09:30:00,1.3772,1.3819,1.3708,1.3787,1532870.0
2025-03-20 10:00:00,1.3786,1.3874,1.3515,1.363,3145331.0
2025-03-20 10:30:00,1.3629,1.3736,1.3608,1.3696,1273278.0
2025-03-20 11:00:00,1.3697,1.3838,1.3693,1.3762,1557202.0
2025-03-20 11:30:00,1.3761,1.3799,1.3639,1.3698,880535.0
2025-03-20 12:00:00,1.3698,1.3733,1.3601,1.361,1299197.0
2025-03-20 12:30:00,1.3611,1.3646,1.3561,1.3619,1206107.0
2025-03-20 13:00:00,1.362,1.3632,1.3485,1.3494,1255734.0
2025-03-20 13:30:00,1.3496,1.357,1.3414,1.3432,1660619.0
2025-03-20 14:00:00,1.3435,1.3631,1.3416,1.3577,1984635.0
2025-03-20 14:30:00,1.3577,1.3644,1.3505,1.3618,2264050.0
2025-03-20 15:00:00,1.3617,1.3659,1.3495,1.351,2531533.0
